Pos0x,Pos0y,Rot0,Pos1x,Pos1y,Rot1
0.005476334,-1.532301,173.4587,-0.006237115,-1.579065,7.564065
0.005338531,-1.533375,0,-0.006132157,-1.576059,7.56024
0.004049215,-1.521492,0.04664612,-0.005386736,-1.570432,7.533094
0.004086588,-1.517583,0.04415894,-0.005882255,-1.574176,7.551156
0.004283976,-1.523293,0.03794861,-0.005243221,-1.571562,7.527861
0.003874137,-1.526482,0.05461121,-0.005634496,-1.572304,7.542126
0.004347522,-1.530089,0.03720093,-0.005490981,-1.573434,7.536892
0.004110424,-1.528282,0.0459137,-0.00573874,-1.575305,7.545923
0.004049215,-1.521492,0.04664612,-0.006132157,-1.576059,7.56024
0.004895163,-1.52582,0.01509094,-0.005490981,-1.573434,7.536892
0.004860324,-1.529757,0.01745605,-0.005634496,-1.572304,7.542126
0.00550817,-1.52837,-0.007888794,-0.005386736,-1.570432,7.533094
0.004758074,-1.526889,0.02061462,-0.005346654,-1.574568,7.531689
0.004486039,-1.529015,0.03170776,-0.005490981,-1.573434,7.536892
0.004860324,-1.529757,0.01745605,-0.005201564,-1.575702,7.526482
0.004210433,-1.531157,0.04272461,-0.005386736,-1.570432,7.533094
0.005372509,-1.529433,-0.002349854,-0.005449324,-1.577574,7.535513
0.004148315,-1.524351,0.04353333,-0.005510708,-1.584764,7.538173
0.004622414,-1.527952,0.02616882,-0.005068944,-1.588206,7.522742
0.004584718,-1.531905,0.02844238,-0.005363995,-1.58591,7.53302
0.005031538,-1.524758,0.009536743,-0.005216469,-1.587054,7.527869
0.004622414,-1.527952,0.02616882,-0.005363995,-1.58591,7.53302
0.005304699,-1.53734,0.002212524,-0.005011619,-1.580987,7.519952
0.005338531,-1.533375,0,-0.005822218,-1.593898,7.550204
0.004860324,-1.529757,0.01745605,-0.005227911,-1.598545,7.529914
0.004248227,-1.527208,0.04043579,-0.004572771,-1.619238,7.512302
0.004384601,-1.526151,0.03485107,-0.004813341,-1.645051,7.530071
0.00452169,-1.525082,0.02932739,-0.004915013,-1.648254,7.534845
0.004996698,-1.528689,0.01193237,-0.004813341,-1.645051,7.530071
0.004384601,-1.526151,0.03485107,-0.00523213,-1.645789,7.544305
0.005201442,-1.534449,0.005493164,-0.004813341,-1.645051,7.530071
0.005166485,-1.5237,0.003967285,-0.003270261,-1.653001,7.483018
0.005031538,-1.524758,0.009536743,-0.001777066,-1.692598,7.460549
0.005031538,-1.524758,0.009536743,0.002296795,-1.731531,7.370907
0.004486039,-1.529015,0.03170776,0.007061811,-1.787212,7.298171
0.004347522,-1.530089,0.03720093,0.02360489,-1.93678,7.11412
0.005099759,-1.531564,0.008743286,0.03645027,-2.021965,6.993432
0.004758074,-1.526889,0.02061462,0.05017311,-2.121041,6.930117
0.005099759,-1.531564,0.008743286,0.06534599,-2.216506,6.871783
0.005031538,-1.524758,0.009536743,0.07973182,-2.319901,6.884591
0.004758074,-1.526889,0.02061462,0.09217573,-2.421991,6.955496
0.004110424,-1.528282,0.0459137,0.1100938,-2.550708,7.040547
0.004758074,-1.526889,0.02061462,0.1308309,-2.685255,7.13484
0.005099759,-1.531564,0.008743286,0.156076,-2.844871,7.27969
0.004584718,-1.531905,0.02844238,0.1867362,-2.984329,7.330757
0.004384601,-1.526151,0.03485107,0.2170006,-3.114798,7.393524
0.004486039,-1.529015,0.03170776,0.2527506,-3.256839,7.464476
0.004860324,-1.529757,0.01745605,0.2892528,-3.406794,7.588097
0.005132359,-1.527632,0.006347656,0.3372871,-3.574879,7.693252
0.005235421,-1.530501,0.003189087,0.3905867,-3.763251,7.86349
0.005099759,-1.531564,0.008743286,0.4630052,-4.017834,8.155954
0.004758074,-1.526889,0.02061462,0.5149883,-4.249838,8.58615
0.005235421,-1.530501,0.003189087,0.5053886,-4.415521,9.262487
0.005099759,-1.531564,0.008743286,0.4459202,-4.595231,10.34848
0.004584718,-1.531905,0.02844238,0.40071,-4.803074,11.39987
0.004283976,-1.523293,0.03794861,0.3808268,-5.053011,12.38669
0.004860324,-1.529757,0.01745605,0.3822861,-5.290534,13.17088
0.005338531,-1.533375,0,0.3868956,-5.510114,13.872
0.003971907,-1.529361,0.0513916,0.3899508,-5.678664,14.41298
0.004148315,-1.524351,0.04353333,0.3765849,-5.836059,15.01748
0.004860324,-1.529757,0.01745605,0.3370105,-5.957289,15.65743
0.005132359,-1.527632,0.006347656,0.3031179,-6.059239,16.19365
0.004656637,-1.52403,0.02372742,0.280003,-6.154181,16.63786
0.004723949,-1.53082,0.022995,0.2835893,-6.212992,16.80508
0.004996698,-1.528689,0.01193237,0.3085983,-6.272237,16.84901
0.005372509,-1.529433,-0.002349854,0.3313696,-6.318116,16.86604
0.005404395,-1.525506,-0.004745483,0.3502625,-6.399888,17.02522
0.004860324,-1.529757,0.01745605,0.3554967,-6.521006,17.39262
0.004996698,-1.528689,0.01193237,0.3401464,-6.629491,17.83204
0.004860324,-1.529757,0.01745605,0.3143085,-6.730238,18.3007
0.003775752,-1.523612,0.05776978,0.2731344,-6.873387,18.98499
0.005132359,-1.527632,0.006347656,0.2410194,-7.026954,19.64817
0.00452169,-1.525082,0.02932739,0.2164523,-7.140531,20.13941
0.005578876,-1.535198,-0.008789063,0.2221849,-7.200542,20.30129
0.005235421,-1.530501,0.003189087,0.241925,-7.258304,20.3855
0.005099759,-1.531564,0.008743286,0.2880271,-7.469933,20.8413
0.004584718,-1.531905,0.02844238,0.3155321,-7.606253,21.15532
0.00561128,-1.531243,-0.01107788,0.341533,-7.712068,21.38223
0.005235421,-1.530501,0.003189087,0.3881248,-7.802354,21.46834
0.004825582,-1.533706,0.01974487,0.4258579,-7.906719,21.64939
0.004347522,-1.530089,0.03720093,0.4520091,-7.95918,21.71137
0.005372509,-1.529433,-0.002349854,0.4180007,-8.02334,22.07824
0.004486039,-1.529015,0.03170776,0.4096363,-8.08437,22.32113
0.004825582,-1.533706,0.01974487,0.4056779,-8.093998,22.37092
0.004486039,-1.529015,0.03170776,0.411416,-8.06992,22.26452
0.004996698,-1.528689,0.01193237,0.4140421,-8.063499,22.23134
0.00526802,-1.526569,0.000793457,0.4112486,-8.04502,22.18112
0.004758074,-1.526889,0.02061462,0.3853958,-7.931455,21.91334
0.004860324,-1.529757,0.01745605,0.3710421,-7.799775,21.53768
0.004557439,-1.521162,0.02688599,0.3457828,-7.604224,21.00524
0.005099759,-1.531564,0.008743286,0.2912334,-7.364741,20.4827
0.004384601,-1.526151,0.03485107,0.2226628,-7.1185,20.03683
0.005099759,-1.531564,0.008743286,0.1370081,-6.844858,19.63573
0.004656637,-1.52403,0.02372742,0.05221718,-6.575001,19.29665
0.004758074,-1.526889,0.02061462,-0.01550632,-6.353957,19.05358
0.004860324,-1.529757,0.01745605,-0.06159713,-6.170625,18.82008
0.004758074,-1.526889,0.02061462,-0.0953913,-6.000022,18.56596
0.004895163,-1.52582,0.01509094,-0.1164189,-5.855378,18.31341
0.005338531,-1.533375,0,-0.1249392,-5.724896,18.02093
0.005235421,-1.530501,0.003189087,-0.1235387,-5.609328,17.7011
0.005065067,-1.535517,0.01101685,-0.1065991,-5.511013,17.31244
0.00526802,-1.526569,0.000793457,-0.0818137,-5.416887,16.87272
0.004248227,-1.527208,0.04043579,-0.05595247,-5.330452,16.44119
0.004996698,-1.528689,0.01193237,-0.03245161,-5.2451,16.02638
0.005235421,-1.530501,0.003189087,-0.01122449,-5.160816,15.70184
0.004486039,-1.529015,0.03170776,0.002558732,-5.125473,15.4216
0.005132359,-1.527632,0.006347656,0.0189731,-5.060522,15.1099
0.005643831,-1.527307,-0.01342773,0.04397311,-4.971343,14.65823
0.004656637,-1.52403,0.02372742,0.053303,-4.935445,14.48083
0.004622414,-1.527952,0.02616882,0.05622863,-4.914142,14.39621
0.00452169,-1.525082,0.02932739,0.06313191,-4.902133,14.30604
0.004723949,-1.53082,0.022995,0.06083431,-4.906133,14.33608
0.005099759,-1.531564,0.008743286,0.06249509,-4.899625,14.30395
0.005988715,-1.531981,-0.02531433,0.06396158,-4.898879,14.28998
0.004622414,-1.527952,0.02616882,0.06332405,-4.896373,14.2879
0.005372509,-1.529433,-0.002349854,0.06249509,-4.899625,14.30395
0.004384601,-1.526151,0.03485107,0.06205276,-4.891358,14.28373
0.00452169,-1.525082,0.02932739,0.06580378,-4.88662,14.23977
0.005851626,-1.533061,-0.01983643,0.06141899,-4.888851,14.28164
0.005338531,-1.533375,0,0.06459839,-4.901385,14.29207
0.004723949,-1.53082,0.022995,0.06888752,-4.924716,14.32499
0.004962671,-1.532632,0.01425171,0.07776426,-4.96565,14.37309
0.004860324,-1.529757,0.01745605,0.08943236,-5.016706,14.4306
0.004622414,-1.527952,0.02616882,0.1065524,-5.068188,14.44995
0.00407263,-1.532231,0.04823303,0.1240192,-5.119781,14.47064
0.005031538,-1.524758,0.009536743,0.1324134,-5.212914,14.68733
0.004210433,-1.531157,0.04272461,0.1293347,-5.302838,14.98031
0.005338531,-1.533375,0,0.1238906,-5.38528,15.26731
0.004486039,-1.529015,0.03170776,0.1072748,-5.481305,15.67299
0.004895163,-1.52582,0.01509094,0.0824069,-5.603789,16.21132
0.004723949,-1.53082,0.022995,0.05346035,-5.716562,16.74335
0.004448344,-1.532968,0.03399658,0.02219697,-5.818827,17.25484
0.004996698,-1.528689,0.01193237,-0.003864067,-5.887379,17.62915
0.00550817,-1.52837,-0.007888794,-0.02014015,-5.928763,17.85744
0.005235421,-1.530501,0.003189087,-0.01801367,-5.907976,17.78371
0.004996698,-1.528689,0.01193237,-0.01340185,-5.903044,17.73847
0.004860324,-1.529757,0.01745605,-0.006009764,-5.879854,17.62205
0.004793725,-1.522962,0.01820374,-0.004622919,-5.870722,17.58646
0.005476334,-1.532301,-0.005493164,-0.0007646902,-5.863299,17.53899
0.004622414,-1.527952,0.02616882,-0.003238785,-5.861587,17.55085
0.005132359,-1.527632,0.006347656,-0.002192054,-5.858275,17.53424
0.004723949,-1.53082,0.022995,0.001983441,-5.845036,17.46783
0.005031538,-1.524758,0.009536743,0.003023745,-5.841728,17.45125
0.005099759,-1.531564,0.008743286,0.003023745,-5.841728,17.45125
0.004895163,-1.52582,0.01509094,0.006209453,-5.845947,17.44176
0.004723949,-1.53082,0.022995,0.003023745,-5.841728,17.45125
0.004996698,-1.528689,0.01193237,0.004128131,-5.852565,17.47494
0.004723949,-1.53082,0.022995,0.004455393,-5.846742,17.45595
0.005404395,-1.525506,-0.004745483,0.0003364193,-5.874135,17.5627
0.005099759,-1.531564,0.008743286,-0.001761324,-5.880756,17.59591
0.004723949,-1.53082,0.022995,-0.003528334,-5.88156,17.61017
0.004584718,-1.531905,0.02844238,-4.879268E-05,-5.865807,17.54135
0.004860324,-1.529757,0.01745605,-0.001095523,-5.869116,17.55795
0.005372509,-1.529433,-0.002349854,-0.003573334,-5.867409,17.56983
0.004421064,-1.522225,0.03244019,-0.002952785,-5.841615,17.49158
0.005235421,-1.530501,0.003189087,0.001805213,-5.802583,17.34705
0.004347522,-1.530089,0.03720093,0.01137513,-5.766995,17.17903
0.005132359,-1.527632,0.006347656,0.01637601,-5.736319,17.05616
0.004723949,-1.53082,0.022995,0.01930886,-5.712257,16.96646
0.004860324,-1.529757,0.01745605,0.02521378,-5.678299,16.82737
0.004996698,-1.528689,0.01193237,0.03754356,-5.647037,16.6508
0.003541089,-1.521818,0.06642151,0.04504808,-5.5924,16.4394
0.003126967,-1.525022,0.08299255,0.05298063,-5.580197,16.34796
0.004148315,-1.524351,0.04353333,0.05733462,-5.555427,16.24491
0.00452169,-1.525082,0.02932739,0.05974314,-5.537239,16.17469
0.006303161,-1.540659,-0.03514099,0.06756768,-5.525082,16.08362
0.01605064,-1.612332,-0.3811188,0.06356545,-5.504158,16.05076
0.03662864,-1.754084,-1.066223,0.06075192,-5.494079,16.04136
0.07230071,-1.967346,-2.142288,0.05306686,-5.466372,16.01572
0.1150278,-2.19094,-3.293655,0.04683626,-5.443719,15.99496
0.165808,-2.402558,-4.531586,0.04408327,-5.433656,15.9858
0.2084562,-2.556168,-5.490295,0.0417678,-5.431914,15.9976
0.2386717,-2.67174,-6.123672,0.04108207,-5.429397,15.99531
0.2552968,-2.747209,-6.451813,0.04134035,-5.423592,15.97667
0.2683305,-2.799038,-6.707428,0.04168209,-5.397862,15.89987
0.2820648,-2.860623,-6.967804,0.03870225,-5.39361,15.90945
0.2945518,-2.916554,-7.200546,0.03708457,-5.394385,15.92355
0.3080905,-2.992101,-7.442993,0.03912459,-5.401927,15.93032
0.3392569,-3.135594,-8.000809,0.03656432,-5.405991,15.96079
0.3888867,-3.328217,-8.860001,0.03562255,-5.409283,15.97717
0.4558629,-3.56531,-9.956985,0.02872797,-5.438134,16.1105
0.5312576,-3.844753,-11.11798,0.01819284,-5.474396,16.29111
0.5494605,-4.074693,-11.43011,0.007218546,-5.516523,16.49088
0.4848443,-4.245725,-10.73236,-0.004961441,-5.547866,16.66786
0.4267205,-4.431674,-10.29556,-0.02162895,-5.598334,16.93029
0.3900162,-4.69433,-10.34091,-0.03554381,-5.653084,17.1836
0.4006874,-5.017573,-11.04999,-0.05974177,-5.72117,17.54545
0.4340054,-5.320756,-11.9503,-0.09895891,-5.861054,18.20707
0.4926729,-5.916287,-13.67738,-0.172654,-6.178884,19.57489
0.4365159,-6.142195,-13.77229,-0.172651,-6.332622,19.99238
0.4092638,-6.319011,-14.00243,-0.1297365,-6.414403,19.94309
0.4464395,-6.415965,-14.49107,-0.1346224,-6.495009,20.19908
0.4735869,-6.439878,-14.73317,-0.1658247,-6.570003,20.6024
0.4696323,-6.465108,-14.76643,-0.1704406,-6.599924,20.71404
0.4604513,-6.493327,-14.77217,-0.1547399,-6.584828,20.575
0.4456485,-6.543505,-14.79498,-0.1560623,-6.610558,20.65496
0.4310485,-6.626746,-14.90393,-0.1701483,-6.638902,20.82055
0.4218991,-6.756494,-15.17006,-0.1769667,-6.692039,21.0101
0.4208437,-6.854468,-14.02757,-0.176606,-6.761634,21.202
0.4091249,-6.964371,-10.08394,-0.1722916,-6.874182,21.49204
0.3911199,-7.077383,-6.116623,-0.1695637,-6.973389,21.75638
0.3919281,-7.329667,0.1304626,0.03836685,-7.281851,21.51459
0.3839983,-7.485232,2.523392,0.05995905,-7.464168,21.96287
0.3901922,-7.626849,2.101608,0.01543462,-7.605591,22.62546
0.3824245,-7.746695,1.812241,-0.06108962,-7.721635,23.36622
0.3695162,-7.864604,1.550842,-0.149466,-7.832954,24.14673
0.3572511,-7.955494,1.357651,-0.1956097,-7.904133,24.59058
0.3702864,-8.074118,2.338165,-0.128427,-7.941058,24.36527
0.4004298,-8.160314,7.478928,-0.08886229,-7.996058,24.33755
0.4328707,-8.233457,14.03152,-0.09773074,-8.051268,24.54882
0.4533635,-8.286154,16.54918,-0.1267329,-8.118695,24.894
0.4286958,-8.339811,16.51869,-0.1421302,-8.164927,25.10835
0.4227309,-8.348589,16.5229,-0.1406108,-8.161681,25.09121
0.4027151,-8.403855,16.46162,-0.1408737,-8.175428,25.13418
0.4034613,-8.479374,16.23924,-0.1420676,-8.186754,25.17428
0.437896,-8.541515,15.89404,-0.1398114,-8.221476,25.26903
0.4262816,-8.580617,15.83606,-0.1420846,-8.287661,25.48142
0.5410661,-8.55877,15.34721,-0.1313852,-8.322227,25.53679
0.4567277,-8.552943,15.77086,-0.1497689,-8.325603,25.63335
0.2798546,-8.592632,17.87177,-0.1143579,-8.251149,25.23901
0.3659561,-8.571939,21.6853,-0.1236284,-8.191463,25.10053
0.3823184,-8.574523,27.13899,-0.1267714,-8.17613,25.06882
0.3929904,-8.553816,32.68765,-0.1079168,-8.153355,24.90925
0.429927,-8.563047,33.86974,-0.09477729,-8.151649,24.84132
0.4264625,-8.564609,35.26633,-0.09982931,-8.131461,24.80368
0.4298402,-8.571054,35.23152,-0.1035611,-8.121773,24.79196
0.4291264,-8.557433,35.27446,-0.09514312,-8.107959,24.70937
0.4281513,-8.567829,35.24893,-0.09570515,-8.11363,24.7294
0.4154634,-8.547663,36.75259,-0.09757201,-8.108786,24.72355
0.4145723,-8.550056,36.74988,-0.09794068,-8.100691,24.7006
0.3941211,-8.535405,38.27455,-0.09757201,-8.108786,24.72355
0.3708979,-8.535946,38.38321,-0.1016628,-8.091,24.68893
0.3202139,-8.532988,38.63112,-0.1046509,-8.097493,24.72312
0.284884,-8.535021,38.79053,-0.1070766,-8.098318,24.73732
0.2507033,-8.526655,38.9749,-0.1154112,-8.076503,24.71117
0.2367362,-8.532923,39.02077,-0.121059,-8.040064,24.62805
0.2348584,-8.537712,39.01495,-0.1284779,-7.998732,24.53934
0.2374163,-8.538538,39.00063,-0.1279485,-7.913409,24.27973
0.2266514,-8.551249,39.01183,-0.1194893,-7.827888,23.98063
0.2032033,-8.60304,38.9615,-0.1090816,-7.755272,23.71032
0.1946467,-8.646111,38.86838,-0.1024527,-7.74463,23.64479
0.1921144,-8.666849,38.81606,-0.1010232,-7.741363,23.62774
0.1791849,-8.68427,38.82053,-0.1090816,-7.755272,23.71032
0.1642399,-8.727966,38.75206,-0.1108605,-7.750384,23.70469
0.146877,-8.762815,38.7206,-0.1110664,-7.764255,23.7473
0.1356283,-8.796892,38.66357,-0.1110664,-7.764255,23.7473
0.1266611,-8.818248,38.63582,-0.1119562,-7.761813,23.74449
0.1206599,-8.832477,38.61726,-0.110175,-7.766701,23.75013
0.1156455,-8.844324,38.60175,-0.1188259,-7.786314,23.85266
0.1116263,-8.853798,38.58931,-0.1159385,-7.779778,23.81848
0.1184329,-8.880057,38.47701,-0.1144955,-7.776507,23.80139
0.1190672,-8.885614,38.45673,-0.1173815,-7.783046,23.83557
0.1141436,-8.876041,38.50822,-0.119384,-7.792027,23.87259
0.1147756,-8.881598,38.48793,-0.1159385,-7.779778,23.81848
0.1184329,-8.880057,38.47701,-0.1150479,-7.782218,23.82129
0.1141436,-8.876041,38.50822,-0.1141558,-7.784658,23.8241
0.1154091,-8.887157,38.46765,-0.1156002,-7.787928,23.8412
0.1200732,-8.883249,38.45984,-0.1092837,-7.76914,23.75293
0.1154091,-8.887157,38.46765,-0.1177197,-7.774893,23.81286
0.1148969,-8.860186,38.55501,-0.07037096,-7.774692,23.57368
0.1118766,-8.867289,38.54565,0.09367605,-7.755895,22.70472
0.117166,-8.86894,38.51755,0.1346747,-7.699853,22.32804
0.1429304,-8.893041,38.33006,0.1141772,-7.654109,22.28378
0.1588568,-8.897986,38.24545,0.0791759,-7.644161,22.4256
0.1621715,-8.90437,38.21106,0.05503843,-7.669387,22.62416
0.1618485,-8.890889,38.2547,0.05087711,-7.665294,22.63213
0.1638319,-8.907558,38.19388,0.05002078,-7.676721,22.67189
0.1638319,-8.907558,38.19388,0.0549505,-7.655512,22.58145
0.1611741,-8.906735,38.20798,0.04808144,-7.657941,22.62322
0.1571995,-8.894795,38.26266,0.0420734,-7.648947,22.62533
0.1505841,-8.882029,38.33144,0.04021743,-7.644044,22.61942
0.1571995,-8.894795,38.26266,0.04157761,-7.640779,22.6025
0.1581962,-8.89243,38.26573,0.04343286,-7.645682,22.60841
0.1581962,-8.89243,38.26573,0.03793225,-7.644853,22.63336
0.1641672,-8.899638,38.21721,0.0334044,-7.660363,22.704
0.1654923,-8.910752,38.17664,0.03574845,-7.673425,22.73272
0.1658232,-8.924223,38.13301,0.03120096,-7.688926,22.80337
0.1608359,-8.914656,38.18462,0.01786533,-7.70197,22.91012
0.1565164,-8.910641,38.21593,0.01921992,-7.684834,22.85048
0.1528577,-8.912184,38.22693,0.01831678,-7.696259,22.89024
0.1512011,-8.908988,38.24414,0.0155593,-7.702784,22.92413
0.153201,-8.904261,38.25032,0.01509012,-7.694623,22.9013
0.1584958,-8.927305,38.15506,0.01601375,-7.697076,22.90425
0.1565164,-8.910641,38.21593,0.02062068,-7.695444,22.87624
0.1638232,-8.928953,38.12683,0.01646744,-7.69136,22.88436
0.1621598,-8.925761,38.14404,0.01831678,-7.696259,22.89024
0.1604986,-8.922573,38.16125,0.01094747,-7.704417,22.95216
0.1601577,-8.93049,38.13786,0.01786533,-7.70197,22.91012
0.1611594,-8.928125,38.14096,0.01693876,-7.699521,22.90718
0.1691524,-8.930601,38.0986,0.01417913,-7.706046,22.94107
0.1614982,-8.92021,38.16434,0.01417913,-7.706046,22.94107
0.1661543,-8.93769,38.08934,0.008646311,-7.719097,23.00887
0.1601577,-8.93049,38.13786,0.003102388,-7.718282,23.03398
0.1624858,-8.939228,38.10039,0.0003249124,-7.724811,23.06792
0.1601577,-8.93049,38.13786,0.0007923128,-7.719097,23.04801
0.1618212,-8.933681,38.12065,-0.0005978531,-7.722363,23.06498
0.1618212,-8.933681,38.12065,-0.003829119,-7.720731,23.07609
0.1664871,-8.929776,38.11273,-0.006164943,-7.735416,23.13286
0.1601577,-8.93049,38.13786,0.00264493,-7.710124,23.01116
0.1604986,-8.922573,38.16125,-0.0001304037,-7.716653,23.0451
0.1621598,-8.925761,38.14404,0.00125762,-7.713389,23.02813
0.1551743,-8.920923,38.18948,-0.0001304037,-7.716653,23.0451
0.1628236,-8.931314,38.12376,-0.001518428,-7.719916,23.06205
0.1568346,-8.924112,38.17227,0.002178909,-7.715837,23.03106
0.1604986,-8.922573,38.16125,0.0003249124,-7.724811,23.06792
0.1631586,-8.923399,38.14713,-0.0001304037,-7.716653,23.0451
0.1684856,-8.925047,38.11888,0.0007923128,-7.719097,23.04801
0.1644879,-8.9345,38.10655,0.00541037,-7.71747,23.01998
0.1621598,-8.925761,38.14404,-0.001066681,-7.728076,23.08489
0.1674874,-8.927411,38.11581,0.003102388,-7.718282,23.03398
0.1594969,-8.924938,38.15817,-0.001066681,-7.728076,23.08489
0.170152,-8.928236,38.10167,0.0003363806,-7.71094,23.0252
0.1604986,-8.922573,38.16125,0.004488984,-7.715019,23.01702
0.1638232,-8.928953,38.12683,0.0007923128,-7.719097,23.04801
0.170152,-8.928236,38.10167,0.003102388,-7.718282,23.03398
0.1654882,-8.932138,38.10965,0.004948115,-7.72318,23.03986
0.1678217,-8.919491,38.13918,0.00541037,-7.71747,23.01998
0.1718179,-8.931423,38.08449,0.004019368,-7.734596,23.07965
0.1668221,-8.921858,38.13609,0.007721233,-7.730519,23.04867
0.1658232,-8.924223,38.13301,0.005872406,-7.725624,23.04279
0.1718179,-8.931423,38.08449,0.005872406,-7.725624,23.04279
0.1648236,-8.926587,38.12991,-0.0001438671,-7.730521,23.08782
0.1708197,-8.933786,38.08139,0.004948115,-7.72318,23.03986
0.1691524,-8.930601,38.0986,0.006335425,-7.719916,23.0229
0.1708197,-8.933786,38.08139,0.004948115,-7.72318,23.03986
0.1694837,-8.922683,38.12196,0.007259716,-7.722361,23.02583
0.1674874,-8.927411,38.11581,0.005872406,-7.725624,23.04279
0.1708197,-8.933786,38.08139,0.005872406,-7.725624,23.04279
0.1674874,-8.927411,38.11581,0.00541037,-7.71747,23.01998
0.1744834,-8.932252,38.07033,0.004019368,-7.734596,23.07965
0.1681543,-8.932963,38.09552,0.0007804731,-7.732966,23.09074
0.1694897,-8.944066,38.05495,0.002172067,-7.729702,23.07377
0.173157,-8.942528,38.04388,0.004019368,-7.734596,23.07965
0.1691524,-8.930601,38.0986,0.009108543,-7.727257,23.03172
0.1714875,-8.939342,38.0611,0.001245585,-7.727259,23.07086
0.1751541,-8.937801,38.05006,0.003094216,-7.73215,23.07671
0.1628236,-8.931314,38.12376,0.001245585,-7.727259,23.07086
0.1674874,-8.927411,38.11581,-0.0001438671,-7.730521,23.08782
0.1674874,-8.927411,38.11581,0.002636465,-7.723993,23.05388
0.1694897,-8.944066,38.05495,-0.0006125488,-7.736234,23.10773
0.1691524,-8.930601,38.0986,0.002172067,-7.729702,23.07377
0.1694837,-8.922683,38.12196,0.003094216,-7.73215,23.07671
0.1724871,-8.936977,38.06418,0.002172067,-7.729702,23.07377
0.1678209,-8.940877,38.07216,0.0007804731,-7.732966,23.09074
0.1684856,-8.925047,38.11888,0.001703336,-7.735414,23.09368
0.1684856,-8.925047,38.11888,0.001703336,-7.735414,23.09368
0.170152,-8.928236,38.10167,0.002627775,-7.737861,23.09662
0.1681543,-8.932963,38.09552,0.003559377,-7.726443,23.05683
0.1678217,-8.919491,38.13918,0.003094216,-7.73215,23.07671
0.1698201,-8.936151,38.07831,0.001245585,-7.727259,23.07086
0.1661568,-8.916304,38.15639,0.001703336,-7.735414,23.09368
0.1674874,-8.927411,38.11581,0.005872406,-7.725624,23.04279
0.1688212,-8.938514,38.07526,0.002627775,-7.737861,23.09662
0.1658232,-8.924223,38.13301,-0.0001438671,-7.730521,23.08782
0.1708197,-8.933786,38.08139,0.009570749,-7.721548,23.01182
0.1671549,-8.913938,38.15945,0.001714364,-7.721546,23.05095
0.1724871,-8.936977,38.06418,0.007259716,-7.722361,23.02583
0.1648236,-8.926587,38.12991,0.0003110285,-7.738676,23.11065
0.1654882,-8.932138,38.10965,0.003559377,-7.726443,23.05683
0.1691524,-8.930601,38.0986,0.0003249124,-7.724811,23.06792
0.1661543,-8.93769,38.08934,0.004023775,-7.720732,23.03693
0.1711495,-8.925872,38.10475,0.001245585,-7.727259,23.07086
0.1658232,-8.924223,38.13301,0.0003249124,-7.724811,23.06792
0.1718179,-8.931423,38.08449,0.004948115,-7.72318,23.03986
0.1671547,-8.935327,38.09244,0.004483668,-7.728887,23.05975
0.1648236,-8.926587,38.12991,0.004483668,-7.728887,23.05975
0.1698201,-8.936151,38.07831,0.002172067,-7.729702,23.07377
0.1674874,-8.927411,38.11581,0.0007804731,-7.732966,23.09074
0.1664871,-8.929776,38.11273,0.0003249124,-7.724811,23.06792
0.1684856,-8.925047,38.11888,-0.001066681,-7.728076,23.08489
0.1678217,-8.919491,38.13918,-0.001066681,-7.728076,23.08489
0.1681543,-8.932963,38.09552,0.001703336,-7.735414,23.09368
0.1668221,-8.921858,38.13609,-0.0001438671,-7.730521,23.08782
0.1674874,-8.927411,38.11581,-0.003378899,-7.728889,23.09892
0.1688212,-8.938514,38.07526,0.002172067,-7.729702,23.07377
0.170152,-8.928236,38.10167,0.005407392,-7.731338,23.0627
0.1694837,-8.922683,38.12196,0.005872406,-7.725624,23.04279
0.1671547,-8.935327,38.09244,0.006335425,-7.719916,23.0229
0.1704893,-8.941704,38.05801,-0.0006125488,-7.736234,23.10773
0.1698201,-8.936151,38.07831,0.001703336,-7.735414,23.09368
0.1658232,-8.924223,38.13301,-0.0001438671,-7.730521,23.08782
0.1674874,-8.927411,38.11581,0.004948115,-7.72318,23.03986
0.170152,-8.928236,38.10167,0.004023775,-7.720732,23.03693
0.1674874,-8.927411,38.11581,0.001245585,-7.727259,23.07086
0.1704893,-8.941704,38.05801,0.003094216,-7.73215,23.07671
0.1681543,-8.932963,38.09552,0.006335425,-7.719916,23.0229
0.1681543,-8.932963,38.09552,0.0003110285,-7.738676,23.11065
0.1678217,-8.919491,38.13918,0.005872406,-7.725624,23.04279
0.1698201,-8.936151,38.07831,0.002172067,-7.729702,23.07377
0.1718179,-8.931423,38.08449,0.003102388,-7.718282,23.03398
0.1698201,-8.936151,38.07831,0.002636465,-7.723993,23.05388
0.1664871,-8.929776,38.11273,0.003094216,-7.73215,23.07671
0.1674874,-8.927411,38.11581,0.0007804731,-7.732966,23.09074
0.1728153,-8.929061,38.08754,0.002172067,-7.729702,23.07377
0.170152,-8.928236,38.10167,0.002172067,-7.729702,23.07377
0.1658232,-8.924223,38.13301,0.003559377,-7.726443,23.05683
0.1688212,-8.938514,38.07526,0.005407392,-7.731338,23.0627
0.1708197,-8.933786,38.08139,0.006335425,-7.719916,23.0229
0.1684856,-8.925047,38.11888,0.003094216,-7.73215,23.07671
0.1664871,-8.929776,38.11273,0.004483668,-7.728887,23.05975
0.1744834,-8.932252,38.07033,0.002172067,-7.729702,23.07377
0.1708197,-8.933786,38.08139,0.002172067,-7.729702,23.07377
0.170152,-8.928236,38.10167,-0.0006125488,-7.736234,23.10773
0.1648236,-8.926587,38.12991,0.004483668,-7.728887,23.05975
0.1654882,-8.932138,38.10965,0.001235467,-7.741123,23.11359
0.1691524,-8.930601,38.0986,-0.003398592,-7.742757,23.14166
0.1718179,-8.931423,38.08449,-0.001066681,-7.728076,23.08489
0.1704819,-8.920317,38.12506,-0.001066681,-7.728076,23.08489
0.1658232,-8.924223,38.13301,-0.0006125488,-7.736234,23.10773
0.1648236,-8.926587,38.12991,-0.001534747,-7.733782,23.10478
0.1658232,-8.924223,38.13301,0.003559377,-7.726443,23.05683
0.1751541,-8.937801,38.05006,-0.001534747,-7.733782,23.10478
0.1724871,-8.936977,38.06418,-0.004771207,-7.732151,23.11588
0.1681543,-8.932963,38.09552,-0.002927769,-7.737045,23.12174
0.1674874,-8.927411,38.11581,0.001245585,-7.727259,23.07086
0.1728153,-8.929061,38.08754,0.0003249124,-7.724811,23.06792
0.1671547,-8.935327,38.09244,-0.002927769,-7.737045,23.12174
0.1664871,-8.929776,38.11273,-0.003849155,-7.734599,23.11881
0.1718179,-8.931423,38.08449,-0.001534747,-7.733782,23.10478
0.1681543,-8.932963,38.09552,-0.001534747,-7.733782,23.10478
0.1681543,-8.932963,38.09552,-0.003378899,-7.728889,23.09892
0.1671547,-8.935327,38.09244,-0.005243605,-7.737864,23.13579
0.1681543,-8.932963,38.09552,-0.003849155,-7.734599,23.11881
0.1681543,-8.932963,38.09552,0.0007804731,-7.732966,23.09074
0.1684856,-8.925047,38.11888,-0.005243605,-7.737864,23.13579
0.170152,-8.928236,38.10167,-0.005716669,-7.743571,23.15569
0.1741559,-8.940165,38.04697,-0.001534747,-7.733782,23.10478
0.1668221,-8.921858,38.13609,-0.003849155,-7.734599,23.11881
0.1691524,-8.930601,38.0986,-0.0006125488,-7.736234,23.10773
0.1668221,-8.921858,38.13609,-0.008033933,-7.74439,23.16974
0.1684856,-8.925047,38.11888,-0.006164943,-7.735416,23.13286
0.1724871,-8.936977,38.06418,-0.007585512,-7.752542,23.19257
0.1654882,-8.932138,38.10965,-0.00756082,-7.738682,23.14985
0.1654882,-8.932138,38.10965,-0.005243605,-7.737864,23.13579
0.1654882,-8.932138,38.10965,-0.006638769,-7.741127,23.15277
0.1664871,-8.929776,38.11273,-0.008510566,-7.7501,23.18966
0.1674874,-8.927411,38.11581,-0.008480681,-7.736234,23.14691
0.1714875,-8.939342,38.0611,-0.008480681,-7.736234,23.14691
0.1684856,-8.925047,38.11888,-0.005222141,-7.723999,23.09308
0.1674874,-8.927411,38.11581,-0.004320791,-7.740308,23.13872
0.173157,-8.942528,38.04388,-0.00756082,-7.738682,23.14985
0.1658232,-8.924223,38.13301,-0.007112546,-7.746835,23.17266
0.1708197,-8.933786,38.08139,-0.004793757,-7.74602,23.15863
0.1698201,-8.936151,38.07831,-0.006638769,-7.741127,23.15277
0.1678209,-8.940877,38.07216,-0.002456847,-7.731337,23.10185
0.1658232,-8.924223,38.13301,-0.008033933,-7.74439,23.16974
0.170152,-8.928236,38.10167,-0.008033933,-7.74439,23.16974
0.1674874,-8.927411,38.11581,-0.008480681,-7.736234,23.14691
0.1648236,-8.926587,38.12991,-0.005716669,-7.743571,23.15569
0.1681543,-8.932963,38.09552,-0.008033933,-7.74439,23.16974
0.1671547,-8.935327,38.09244,-0.006613735,-7.727262,23.11005
0.164159,-8.921033,38.15022,-0.006638769,-7.741127,23.15277
0.1724871,-8.936977,38.06418,-0.005716669,-7.743571,23.15569
0.1654882,-8.932138,38.10965,-0.008480681,-7.736234,23.14691
0.1668221,-8.921858,38.13609,-0.003849155,-7.734599,23.11881
0.1658232,-8.924223,38.13301,-0.004793757,-7.74602,23.15863
0.1691524,-8.930601,38.0986,-0.005716669,-7.743571,23.15569
0.1708197,-8.933786,38.08139,-0.0107978,-7.737054,23.16098
0.1664871,-8.929776,38.11273,-0.006638769,-7.741127,23.15277
0.1708197,-8.933786,38.08139,-0.01175131,-7.748471,23.20078
0.1704893,-8.941704,38.05801,-0.005693209,-7.729708,23.11297
0.1698201,-8.936151,38.07831,-0.004793757,-7.74602,23.15863
0.1744834,-8.932252,38.07033,-0.008956699,-7.741946,23.16683
0.1674874,-8.927411,38.11581,-0.006190348,-7.749283,23.17561
0.1708197,-8.933786,38.08139,-0.007112546,-7.746835,23.17266
0.1664871,-8.929776,38.11273,-0.006613735,-7.727262,23.11005
0.1734867,-8.934612,38.06728,-0.0107978,-7.737054,23.16098
0.1671547,-8.935327,38.09244,-0.005243605,-7.737864,23.13579
0.1708197,-8.933786,38.08139,-0.00756082,-7.738682,23.14985
0.1691524,-8.930601,38.0986,-0.00756082,-7.738682,23.14985
0.170152,-8.928236,38.10167,-0.01127458,-7.742764,23.18089
0.1674874,-8.927411,38.11581,-0.0107978,-7.737054,23.16098
0.1698201,-8.936151,38.07831,-0.008480681,-7.736234,23.14691
0.1664871,-8.929776,38.11273,-0.009908587,-7.753363,23.20664
0.1648236,-8.926587,38.12991,-0.0135917,-7.74358,23.19494
0.1648236,-8.926587,38.12991,-0.00756082,-7.738682,23.14985
0.1714875,-8.939342,38.0611,-0.01171685,-7.734607,23.15806
0.1708197,-8.933786,38.08139,-0.009432667,-7.747655,23.18673
0.1664871,-8.929776,38.11273,-0.009402635,-7.73379,23.14401
0.1711495,-8.925872,38.10475,-0.008033933,-7.74439,23.16974
0.1714875,-8.939342,38.0611,-0.00756082,-7.738682,23.14985
0.1648236,-8.926587,38.12991,-0.00756082,-7.738682,23.14985
0.1664871,-8.929776,38.11273,-0.01127458,-7.742764,23.18089
0.1698201,-8.936151,38.07831,-0.008956699,-7.741946,23.16683
0.1664871,-8.929776,38.11273,-0.005716669,-7.743571,23.15569
0.1658232,-8.924223,38.13301,-0.01219296,-7.740314,23.17795
0.1648236,-8.926587,38.12991,-0.01219296,-7.740314,23.17795
0.1604986,-8.922573,38.16125,-0.01315076,-7.751734,23.21776
0.1664871,-8.929776,38.11273,-0.01175131,-7.748471,23.20078
0.1671547,-8.935327,38.09244,-0.01035258,-7.745207,23.1838
0.1744834,-8.932252,38.07033,-0.01267117,-7.746024,23.19785
0.1654882,-8.932138,38.10965,-0.01499186,-7.746846,23.21193
0.164159,-8.921033,38.15022,-0.009877273,-7.739499,23.16389
0.1708197,-8.933786,38.08139,-0.01639059,-7.750104,23.2289
0.1694837,-8.922683,38.12196,-0.008956699,-7.741946,23.16683
0.1681543,-8.932963,38.09552,-0.01315076,-7.751734,23.21776
0.1681543,-8.932963,38.09552,-0.01082926,-7.750916,23.2037
0.1714875,-8.939342,38.0611,-0.01499186,-7.746846,23.21193
0.1688212,-8.938514,38.07526,-0.0107978,-7.737054,23.16098
0.1664871,-8.929776,38.11273,-0.0135917,-7.74358,23.19494
0.1658232,-8.924223,38.13301,-0.01127458,-7.742764,23.18089
0.170152,-8.928236,38.10167,-0.01035258,-7.745207,23.1838
0.1658232,-8.924223,38.13301,-0.01035258,-7.745207,23.1838
0.1648236,-8.926587,38.12991,-0.008956699,-7.741946,23.16683
0.1728153,-8.929061,38.08754,-0.01219296,-7.740314,23.17795
0.1674874,-8.927411,38.11581,-0.01362958,-7.757442,23.23767
0.1684856,-8.925047,38.11888,-0.01407133,-7.74929,23.21485
0.1698201,-8.936151,38.07831,-0.01175131,-7.748471,23.20078
0.1664871,-8.929776,38.11273,-0.01547078,-7.752553,23.23183
0.1684856,-8.925047,38.11888,-0.01315076,-7.751734,23.21776
0.1691524,-8.930601,38.0986,-0.01082926,-7.750916,23.2037
0.170152,-8.928236,38.10167,-0.01499186,-7.746846,23.21193
0.1691524,-8.930601,38.0986,-0.01222871,-7.754178,23.22067
0.170152,-8.928236,38.10167,-0.01315076,-7.751734,23.21776
0.1668221,-8.921858,38.13609,-0.0135917,-7.74358,23.19494
0.1728289,-8.950439,38.02052,-0.01127458,-7.742764,23.18089
0.1671547,-8.935327,38.09244,-0.01639059,-7.750104,23.2289
0.1674874,-8.927411,38.11581,-0.01547078,-7.752553,23.23183
0.1654882,-8.932138,38.10965,-0.01591019,-7.744399,23.20901
0.1648236,-8.926587,38.12991,-0.01407133,-7.74929,23.21485
0.1674874,-8.927411,38.11581,-0.01127458,-7.742764,23.18089
0.1704819,-8.920317,38.12506,-0.01779218,-7.753371,23.2459
0.1654882,-8.932138,38.10965,-0.01315076,-7.751734,23.21776
0.1658232,-8.924223,38.13301,-0.01267117,-7.746024,23.19785
0.1648236,-8.926587,38.12991,-0.01315076,-7.751734,23.21776
0.1638232,-8.928953,38.12683,-0.0135917,-7.74358,23.19494
0.1704893,-8.941704,38.05801,-0.01407133,-7.74929,23.21485
0.1648236,-8.926587,38.12991,-0.01591019,-7.744399,23.20901
0.1691524,-8.930601,38.0986,-0.0159518,-7.758259,23.25172
0.1698201,-8.936151,38.07831,-0.01779218,-7.753371,23.2459
0.1691524,-8.930601,38.0986,-0.01687308,-7.755816,23.24882
0.1691524,-8.930601,38.0986,-0.01919234,-7.756631,23.26287
0.1708197,-8.933786,38.08139,-0.01315076,-7.751734,23.21776
0.1681543,-8.932963,38.09552,-0.01687308,-7.755816,23.24882
0.1691524,-8.930601,38.0986,-0.022921,-7.760715,23.29395
0.1634868,-8.936865,38.10347,-0.01779218,-7.753371,23.2459
0.1734867,-8.934612,38.06728,-0.01639059,-7.750104,23.2289
0.170152,-8.928236,38.10167,-0.01547078,-7.752553,23.23183
0.1691524,-8.930601,38.0986,-0.01639059,-7.750104,23.2289
0.1718179,-8.931423,38.08449,-0.01222871,-7.754178,23.22067
0.1674874,-8.927411,38.11581,-0.01871052,-7.750925,23.24297
0.1681543,-8.932963,38.09552,-0.01410979,-7.763149,23.25757
0.1784956,-8.944175,38.01564,-0.01407133,-7.74929,23.21485
0.1664871,-8.929776,38.11273,-0.01919234,-7.756631,23.26287
0.1661543,-8.93769,38.08934,-0.02518664,-7.747671,23.26531
0.1668221,-8.921858,38.13609,-0.03123407,-7.752573,23.31049
0.1671547,-8.935327,38.09244,-0.02848613,-7.759908,23.31921
0.1734867,-8.934612,38.06728,-0.03116697,-7.738708,23.26779
0.1654882,-8.932138,38.10965,-0.03853694,-7.733011,23.28733
0.1694837,-8.922683,38.12196,-0.03853694,-7.733011,23.28733
0.1658232,-8.924223,38.13301,-0.03944679,-7.730562,23.28443
0.164159,-8.921033,38.15022,-0.04358104,-7.726492,23.2928
0.1664871,-8.929776,38.11273,-0.04539667,-7.721597,23.28703
0.1654882,-8.932138,38.10965,-0.0528434,-7.729777,23.34937
0.1708197,-8.933786,38.08139,-0.04680254,-7.724864,23.30404
0.1674874,-8.927411,38.11581,-0.04399008,-7.718329,23.27002
0.1668221,-8.921858,38.13609,-0.04489744,-7.715883,23.26714
0.1618212,-8.933681,38.12065,-0.05052736,-7.728954,23.33522
0.1654882,-8.932138,38.10965,-0.04498763,-7.729757,23.3098
0.1674874,-8.927411,38.11581,-0.04539667,-7.721597,23.28703
0.1724871,-8.936977,38.06418,-0.0472092,-7.716704,23.28128
0.1628236,-8.931314,38.12376,-0.04589585,-7.72731,23.30692
0.1691524,-8.930601,38.0986,-0.04962072,-7.731401,23.33809
0.1684856,-8.925047,38.11888,-0.05244246,-7.737936,23.37214
0.1704819,-8.920317,38.12506,-0.04962072,-7.731401,23.33809
0.1688212,-8.938514,38.07526,-0.05334911,-7.73549,23.36927
0.1674874,-8.927411,38.11581,-0.05153577,-7.74038,23.37501
0.1658232,-8.924223,38.13301,-0.05244246,-7.737936,23.37214
0.1671547,-8.935327,38.09244,-0.05334911,-7.73549,23.36927
0.1651579,-8.918669,38.15331,-0.05334911,-7.73549,23.36927
0.1708197,-8.933786,38.08139,-0.05476141,-7.738758,23.38629
0.1711495,-8.925872,38.10475,-0.05244246,-7.737936,23.37214
0.1651579,-8.918669,38.15331,-0.05062826,-7.742827,23.37789
0.1658232,-8.924223,38.13301,-0.05294807,-7.743646,23.39202
0.1684856,-8.925047,38.11888,-0.05476141,-7.738758,23.38629
0.1688177,-8.917129,38.14224,-0.05334911,-7.73549,23.36927
0.1684856,-8.925047,38.11888,-0.05334911,-7.73549,23.36927
0.1654882,-8.932138,38.10965,-0.056173,-7.742021,23.4033
0.1668221,-8.921858,38.13609,-0.0593992,-7.740401,23.4146
0.170152,-8.928236,38.10167,-0.05526849,-7.744469,23.40618
0.1721477,-8.923507,38.10785,-0.05707959,-7.739578,23.40044
0.1694837,-8.922683,38.12196,-0.05244246,-7.737936,23.37214
0.1684856,-8.925047,38.11888,-0.04921525,-7.739558,23.36086
0.1728153,-8.929061,38.08754,-0.05900474,-7.748557,23.43737
0.1728153,-8.929061,38.08754,-0.05385548,-7.741205,23.38917
0.1738135,-8.926695,38.09064,-0.05374929,-7.727331,23.3465
0.1694837,-8.922683,38.12196,-0.05668222,-7.747735,23.4232
0.1678217,-8.919491,38.13918,-0.05798476,-7.737132,23.39757
0.1651579,-8.918669,38.15331,-0.05657031,-7.733863,23.38054
0.1664871,-8.929776,38.11273,-0.06171943,-7.741225,23.42878
0.1668221,-8.921858,38.13609,-0.05900474,-7.748557,23.43737
0.164159,-8.921033,38.15022,-0.06262241,-7.738775,23.42589
0.1708197,-8.933786,38.08139,-0.05849332,-7.742845,23.41747
0.1688177,-8.917129,38.14224,-0.06120725,-7.735507,23.40886
0.1651579,-8.918669,38.15331,-0.06313459,-7.744489,23.4458
0.1658232,-8.924223,38.13301,-0.0593992,-7.740401,23.4146
0.1694837,-8.922683,38.12196,-0.06301363,-7.730617,23.40314
0.1704819,-8.920317,38.12506,-0.06120725,-7.735507,23.40886
0.1688177,-8.917129,38.14224,-0.06223165,-7.746935,23.44867
0.1671549,-8.913938,38.15945,-0.06352595,-7.736332,23.42304
0.1671549,-8.913938,38.15945,-0.06494111,-7.739598,23.44007
0.1661568,-8.916304,38.15639,-0.07113762,-7.75838,23.52813
0.1678217,-8.919491,38.13918,-0.07138312,-7.736352,23.46272
0.1641672,-8.899638,38.21721,-0.07474446,-7.748603,23.51671
0.1538895,-8.888414,38.29704,-0.07564429,-7.74616,23.51386
0.1452827,-8.880382,38.35963,-0.07384387,-7.751049,23.51957
0.1390492,-8.859679,38.45174,-0.07242157,-7.747781,23.50252
0.12884,-8.84845,38.53142,-0.07512249,-7.740444,23.49396
0.1249308,-8.836495,38.58604,-0.07526617,-7.754317,23.53662
0.130481,-8.851644,38.51424,-0.07616819,-7.751874,23.53377
0.1239297,-8.838865,38.58293,-0.07422271,-7.742891,23.49681
0.126201,-8.847626,38.5455,-0.07616819,-7.751874,23.53377
0.1160206,-8.836388,38.62514,-0.07474446,-7.748603,23.51671
0.1062443,-8.817213,38.72807,-0.07526617,-7.754317,23.53662
0.09432895,-8.824224,38.75772,-0.06996653,-7.733087,23.44569
0.08784423,-8.811437,38.82629,-0.06958198,-7.741245,23.46844
0.08016731,-8.822465,38.82466,-0.07010083,-7.746958,23.48834
0.07531602,-8.812875,38.87605,-0.07048328,-7.738799,23.46558
0.05913768,-8.815861,38.93651,-0.06764726,-7.732261,23.43149
0.05227415,-8.811013,38.98157,-0.06829517,-7.751846,23.49405
0.05066795,-8.807819,38.99866,-0.069198,-7.749402,23.49119
0.04921893,-8.818122,38.97208,-0.06726266,-7.740421,23.45425
0.04878969,-8.826056,38.94864,-0.06506768,-7.75347,23.48274
0.03710935,-8.811625,39.04495,-0.06726266,-7.740421,23.45425
0.03710935,-8.811625,39.04495,-0.0644295,-7.733886,23.42018
0.02079272,-8.801105,39.14871,-0.06416251,-7.755913,23.4856
0.02033967,-8.809038,39.12524,-0.05707959,-7.739578,23.40044
0.01452415,-8.801822,39.17332,-0.06081579,-7.743669,23.43164
0.009282609,-8.800169,39.20108,-0.06313459,-7.744489,23.4458
0.00825373,-8.80254,39.19789,-0.06081579,-7.743669,23.43164
-0.008019408,-8.792021,39.30135,-0.05244246,-7.737936,23.37214
-0.008019408,-8.792021,39.30135,-0.05204056,-7.746095,23.39492
-0.009051858,-8.794391,39.29816,-0.05012346,-7.737113,23.35798
-0.01111676,-8.799128,39.29173,-0.04730458,-7.730578,23.32394
-0.01745106,-8.786345,39.35999,-0.04598784,-7.741183,23.34961
-0.01587052,-8.789539,39.34293,-0.03404938,-7.759103,23.3445
-0.01952095,-8.791086,39.35353,-0.009939411,-7.767222,23.24938
-0.02104776,-8.801387,39.32684,0.0002838191,-7.766394,23.19614
-0.02213751,-8.790258,39.36739,0.01189987,-7.762317,23.12607
-0.02421026,-8.794996,39.36093,0.01561436,-7.758237,23.0951
-0.0247532,-8.789433,39.38121,0.01422134,-7.7615,23.11207
-0.0184253,-8.802211,39.31299,0.01422134,-7.7615,23.11207
-0.02159085,-8.795821,39.34711,0.01189505,-7.748456,23.08329
-0.01897501,-8.796648,39.33327,0.007257496,-7.750089,23.11132
-0.02055626,-8.793455,39.35031,0.004019368,-7.734596,23.07965
-0.02104776,-8.801387,39.32684,0.004943757,-7.737041,23.08258
-0.02366432,-8.800558,39.34067,0.007259888,-7.736228,23.06857
-0.01580641,-8.803038,39.29916,0.005868294,-7.739493,23.08554
-0.02104776,-8.801387,39.32684,0.007720935,-7.744383,23.09142
-0.01629043,-8.810967,39.27567,0.003552878,-7.740304,23.09954
-0.02001032,-8.799016,39.33006,0.002172067,-7.729702,23.07377
-0.02262758,-8.798192,39.34389,0.0007804731,-7.732966,23.09074
-0.02049734,-8.806946,39.30656,0.003559377,-7.726443,23.05683
-0.0184253,-8.802211,39.31299,-0.0006125488,-7.736234,23.10773
-0.02159085,-8.795821,39.34711,-0.001081993,-7.74194,23.12762
-0.01793899,-8.794278,39.33649,0.000299062,-7.752538,23.15339
-0.01738999,-8.799843,39.31621,0.004019368,-7.734596,23.07965
-0.02049734,-8.806946,39.30656,-0.004320791,-7.740308,23.13872
-0.01738999,-8.799843,39.31621,-0.001081993,-7.74194,23.12762
-0.01580641,-8.803038,39.29916,-0.002004143,-7.739493,23.12469
-0.02001032,-8.799016,39.33006,0.003559377,-7.726443,23.05683
-0.01897501,-8.796648,39.33327,0.0003110285,-7.738676,23.11065
-0.02159085,-8.795821,39.34711,0.0003110285,-7.738676,23.11065
-0.01897501,-8.796648,39.33327,-0.003398592,-7.742757,23.14166
-0.01421982,-8.806232,39.28209,-0.004320791,-7.740308,23.13872
-0.02366432,-8.800558,39.34067,0.003094216,-7.73215,23.07671
-0.0184253,-8.802211,39.31299,-0.004320791,-7.740308,23.13872
-0.01946204,-8.804581,39.30977,0.002627775,-7.737861,23.09662
-0.0237179,-8.787066,39.3844,-0.005243605,-7.737864,23.13579
-0.01952095,-8.791086,39.35353,-0.004771207,-7.732151,23.11588
-0.01580641,-8.803038,39.29916,-0.006164943,-7.735416,23.13286
-0.02104776,-8.801387,39.32684,-0.008006757,-7.730525,23.12702
-0.02213751,-8.790258,39.36739,-0.0126359,-7.73216,23.15514
-0.02578994,-8.791802,39.37799,-0.0107978,-7.737054,23.16098
-0.0153201,-8.795105,39.32266,-0.009402635,-7.73379,23.14401
-0.02262758,-8.798192,39.34389,-0.01547078,-7.752553,23.23183
-0.02213751,-8.790258,39.36739,-0.006164943,-7.735416,23.13286
-0.02317281,-8.792625,39.36417,-0.01311415,-7.737872,23.17504
-0.02421026,-8.794996,39.36093,-0.006141189,-7.721551,23.09015
-0.02049734,-8.806946,39.30656,-0.01403249,-7.735423,23.17211
-0.01952095,-8.791086,39.35353,-0.01171685,-7.734607,23.15806
-0.02055626,-8.793455,39.35031,-0.01403249,-7.735423,23.17211
-0.0147711,-8.800669,39.30238,-0.01586896,-7.730528,23.16627
-0.02524628,-8.797362,39.35771,-0.01958314,-7.734615,23.19735
-0.02001032,-8.799016,39.33006,-0.01683067,-7.741954,23.2061
-0.02055626,-8.793455,39.35031,-0.01958314,-7.734615,23.19735
-0.02159085,-8.795821,39.34711,-0.02189858,-7.735432,23.21142
-0.02055626,-8.793455,39.35031,-0.02001707,-7.726455,23.17453
-0.01897501,-8.796648,39.33327,-0.02378363,-7.744407,23.24831
-0.01787774,-8.807774,39.29272,-0.01818298,-7.731347,23.18034
-0.01848565,-8.788715,39.35675,-0.01958314,-7.734615,23.19735
-0.0211022,-8.787889,39.37061,-0.01818298,-7.731347,23.18034
-0.01897501,-8.796648,39.33327,-0.01866643,-7.737061,23.20026
-0.01787774,-8.807774,39.29272,-0.01963028,-7.748479,23.24006
-0.02159085,-8.795821,39.34711,-0.02141508,-7.729721,23.19152
-0.01793899,-8.794278,39.33649,-0.02281525,-7.732985,23.20851
-0.0147711,-8.800669,39.30238,-0.01774748,-7.739507,23.20317
-0.01580641,-8.803038,39.29916,-0.02427065,-7.750116,23.26822
-0.01848565,-8.788715,39.35675,-0.02233098,-7.727273,23.18861
-0.01580641,-8.803038,39.29916,-0.02518664,-7.747671,23.26531
-0.01793899,-8.794278,39.33649,-0.02421469,-7.73625,23.2255
-0.01635469,-8.797475,39.31944,-0.02653218,-7.737069,23.23959
-0.02262758,-8.798192,39.34389,-0.02421469,-7.73625,23.2255
-0.01793899,-8.794278,39.33649,-0.02329946,-7.738698,23.22842
-0.01848565,-8.788715,39.35675,-0.02513059,-7.733804,23.2226
-0.01635469,-8.797475,39.31944,-0.02238204,-7.741142,23.23132
-0.0184253,-8.802211,39.31299,-0.02421469,-7.73625,23.2255
-0.02055626,-8.793455,39.35031,-0.02421469,-7.73625,23.2255
-0.01897501,-8.796648,39.33327,-0.02421469,-7.73625,23.2255
-0.01318523,-8.803865,39.28531,-0.025617,-7.739515,23.2425
-0.01952095,-8.791086,39.35353,-0.02884886,-7.737889,23.25369
-0.0184253,-8.802211,39.31299,-0.03074338,-7.746864,23.29059
-0.01793899,-8.794278,39.33649,-0.03074338,-7.746864,23.29059
-0.01848565,-8.788715,39.35675,-0.02702073,-7.742783,23.25951
-0.01587052,-8.789539,39.34293,-0.02702073,-7.742783,23.25951
-0.01635469,-8.797475,39.31944,-0.025617,-7.739515,23.2425
-0.01738999,-8.799843,39.31621,-0.02982748,-7.749308,23.29348
-0.01580641,-8.803038,39.29916,-0.02842304,-7.746043,23.27648
-0.01318523,-8.803865,39.28531,-0.02933893,-7.7436,23.2736
-0.0137358,-8.798299,39.30559,-0.02842304,-7.746043,23.27648
-0.0137358,-8.798299,39.30559,-0.02982748,-7.749308,23.29348
-0.02055626,-8.793455,39.35031,-0.03123407,-7.752573,23.31049
-0.01635469,-8.797475,39.31944,-0.033978,-7.745239,23.3018
-0.02104776,-8.801387,39.32684,-0.02933893,-7.7436,23.2736
-0.0137358,-8.798299,39.30559,-0.03306291,-7.747684,23.30469
-0.0137358,-8.798299,39.30559,-0.03214997,-7.75013,23.3076
-0.01580641,-8.803038,39.29916,-0.02744656,-7.734624,23.23669
-0.01160007,-8.807058,39.26826,-0.03165632,-7.744418,23.28768
-0.009531597,-8.80232,39.27469,-0.02982748,-7.749308,23.29348
-0.01635469,-8.797475,39.31944,-0.0275078,-7.748491,23.2794
-0.0147711,-8.800669,39.30238,-0.03074338,-7.746864,23.29059
-0.01056619,-8.804693,39.27147,-0.03116697,-7.738708,23.26779
-0.0147711,-8.800669,39.30238,-0.03214997,-7.75013,23.3076
-0.01421982,-8.806232,39.28209,-0.03629601,-7.746058,23.3159
-0.01848565,-8.788715,39.35675,-0.03629601,-7.746058,23.3159
-0.01160007,-8.807058,39.26826,-0.04002707,-7.750144,23.34703
-0.01580641,-8.803038,39.29916,-0.03770402,-7.749323,23.33291
-0.01580641,-8.803038,39.29916,-0.03629601,-7.746058,23.3159
-0.01470384,-8.814159,39.25862,-0.04425969,-7.75994,23.39807
-0.01318523,-8.803865,39.28531,-0.04234784,-7.750966,23.36116
-0.01587052,-8.789539,39.34293,-0.04234784,-7.750966,23.36116
-0.01793899,-8.794278,39.33649,-0.03580374,-7.740347,23.29601
-0.009531597,-8.80232,39.27469,-0.03911418,-7.75259,23.34993
-0.01684172,-8.805406,39.29594,-0.04234784,-7.750966,23.36116
-0.01635469,-8.797475,39.31944,-0.03538387,-7.748502,23.3188
-0.01635469,-8.797475,39.31944,-0.04002707,-7.750144,23.34703
-0.01160007,-8.807058,39.26826,-0.03770402,-7.749323,23.33291
-0.01421982,-8.806232,39.28209,-0.04002707,-7.750144,23.34703
-0.0137358,-8.798299,39.30559,-0.03770402,-7.749323,23.33291
-0.0147711,-8.800669,39.30238,-0.04143652,-7.753408,23.36403
-0.01580641,-8.803038,39.29916,-0.03679189,-7.751769,23.33581
-0.01580641,-8.803038,39.29916,-0.04184834,-7.745252,23.34124
-0.01160007,-8.807058,39.26826,-0.03861835,-7.746879,23.33002
-0.01318523,-8.803865,39.28531,-0.04325778,-7.748515,23.35824
-0.01318523,-8.803865,39.28531,-0.04334751,-7.762385,23.40097
-0.01738999,-8.799843,39.31621,-0.04093697,-7.747699,23.34414
-0.008976596,-8.807885,39.25441,-0.04375871,-7.75423,23.37817
-0.01166876,-8.793562,39.31201,-0.03820205,-7.755034,23.35282
-0.01318523,-8.803865,39.28531,-0.04325778,-7.748515,23.35824
-0.01056619,-8.804693,39.27147,-0.03952895,-7.744434,23.32713
-0.01263323,-8.809424,39.26505,-0.0451703,-7.757495,23.39518
-0.01056619,-8.804693,39.27147,-0.03629601,-7.746058,23.3159
-0.0184253,-8.802211,39.31299,-0.03812023,-7.741167,23.31011
-0.0184253,-8.802211,39.31299,-0.04143652,-7.753408,23.36403
-0.01318523,-8.803865,39.28531,-0.03820205,-7.755034,23.35282
-0.01738999,-8.799843,39.31621,-0.04002707,-7.750144,23.34703
-0.01366996,-8.811795,39.26181,-0.03580374,-7.740347,23.29601
-0.0153201,-8.795105,39.32266,-0.04193521,-7.759122,23.38396
-0.01318523,-8.803865,39.28531,-0.03770402,-7.749323,23.33291
-0.01318523,-8.803865,39.28531,-0.04143652,-7.753408,23.36403
-0.01160007,-8.807058,39.26826,-0.03861835,-7.746879,23.33002
-0.0147711,-8.800669,39.30238,-0.04052291,-7.755853,23.36692
-0.01270335,-8.795931,39.30881,-0.04184834,-7.745252,23.34124
-0.01580641,-8.803038,39.29916,-0.04375871,-7.75423,23.37817
-0.0147711,-8.800669,39.30238,-0.04093697,-7.747699,23.34414
-0.01897501,-8.796648,39.33327,-0.0446708,-7.751786,23.37528
-0.01160007,-8.807058,39.26826,-0.04193521,-7.759122,23.38396
-0.01263323,-8.809424,39.26505,-0.04052291,-7.755853,23.36692
-0.01318523,-8.803865,39.28531,-0.03861835,-7.746879,23.33002
-0.0153201,-8.795105,39.32266,-0.04052291,-7.755853,23.36692
-0.01580641,-8.803038,39.29916,-0.04243538,-7.764828,23.40385
-0.0147711,-8.800669,39.30238,-0.03306291,-7.747684,23.30469
-0.01848565,-8.788715,39.35675,-0.03952895,-7.744434,23.32713
-0.01056619,-8.804693,39.27147,-0.03869855,-7.760744,23.37272
-0.01421982,-8.806232,39.28209,-0.04093697,-7.747699,23.34414
-0.01415098,-8.81972,39.23834,-0.04193521,-7.759122,23.38396
-0.01160007,-8.807058,39.26826,-0.04375871,-7.75423,23.37817
-0.01160007,-8.807058,39.26826,-0.03770402,-7.749323,23.33291
-0.01421982,-8.806232,39.28209,-0.04143652,-7.753408,23.36403
-0.01470384,-8.814159,39.25862,-0.03911418,-7.75259,23.34993
-0.01111676,-8.799128,39.29173,-0.03770402,-7.749323,23.33291
-0.01318523,-8.803865,39.28531,-0.03820205,-7.755034,23.35282
-0.01525513,-8.8086,39.2789,-0.0460831,-7.755052,23.3923
-0.01215206,-8.801498,39.28851,-0.04052291,-7.755853,23.36692
-0.01580641,-8.803038,39.29916,-0.03679189,-7.751769,23.33581
-0.01160007,-8.807058,39.26826,-0.03770402,-7.749323,23.33291
-0.0153201,-8.795105,39.32266,-0.04325778,-7.748515,23.35824
-0.01166876,-8.793562,39.31201,-0.04184834,-7.745252,23.34124
-0.01215206,-8.801498,39.28851,-0.04002707,-7.750144,23.34703
-0.01318523,-8.803865,39.28531,-0.04193521,-7.759122,23.31011
-0.01215206,-8.801498,39.28851,-0.04052291,-7.755853,23.36692
-0.01215206,-8.801498,39.28851,-0.04325778,-7.748515,23.35824
-0.01111676,-8.799128,39.29173,-0.04334751,-7.762385,23.40097
-0.01318523,-8.803865,39.28531,-0.03952895,-7.744434,23.32713
-0.01318523,-8.803865,39.28531,-0.03488942,-7.742793,23.2989
-0.01270335,-8.795931,39.30881,-0.04002707,-7.750144,23.34703
-0.01318523,-8.803865,39.28531,-0.04375871,-7.75423,23.37817
-0.01836461,-8.815703,39.26923,-0.04052291,-7.755853,23.36692
-0.01318523,-8.803865,39.28531,-0.04143652,-7.753408,23.36403
-0.01635469,-8.797475,39.31944,-0.04234784,-7.750966,23.36116
-0.01525513,-8.8086,39.2789,-0.04102236,-7.761563,23.38684
-0.01111676,-8.799128,39.29173,-0.04002707,-7.750144,23.34703
-0.0147711,-8.800669,39.30238,-0.03679189,-7.751769,23.33581
-0.0199512,-8.812509,39.2863,-0.04234784,-7.750966,23.36116
-0.01318523,-8.803865,39.28531,-0.04184834,-7.745252,23.34124
-0.01215206,-8.801498,39.28851,-0.04284811,-7.756675,23.38106
-0.01580641,-8.803038,39.29916,-0.04002707,-7.750144,23.34703
-0.01001119,-8.810252,39.25119,-0.04143652,-7.753408,23.36403
-0.02366432,-8.800558,39.34067,-0.04334751,-7.762385,23.40097
-0.0147711,-8.800669,39.30238,-0.04567199,-7.763203,23.41508
-0.0147711,-8.800669,39.30238,-0.04234784,-7.750966,23.36116
-0.01160007,-8.807058,39.26826,-0.04425969,-7.75994,23.39807
-0.01525513,-8.8086,39.2789,-0.04184834,-7.745252,23.34124
-0.0137358,-8.798299,39.30559,-0.04184834,-7.745252,23.34124
-0.01270335,-8.795931,39.30881,-0.04425969,-7.75994,23.39807
-0.01318523,-8.803865,39.28531,-0.04184834,-7.745252,23.34124
-0.01318523,-8.803865,39.28531,-0.0446708,-7.751786,23.37528
-0.01848565,-8.788715,39.35675,-0.0451703,-7.757495,23.39518
-0.01056619,-8.804693,39.27147,-0.04275885,-7.742808,23.33836
-0.01580641,-8.803038,39.29916,-0.0446708,-7.751786,23.37528
-0.01897501,-8.796648,39.33327,-0.04425969,-7.75994,23.39807
-0.01318523,-8.803865,39.28531,-0.04799775,-7.764026,23.42922
-0.0137358,-8.798299,39.30559,-0.04658331,-7.76076,23.4122
-0.01318523,-8.803865,39.28531,-0.0451703,-7.757495,23.39518
-0.01318523,-8.803865,39.28531,-0.04284811,-7.756675,23.38106
-0.01270335,-8.795931,39.30881,-0.04234784,-7.750966,23.36116
-0.01366996,-8.811795,39.26181,-0.04425969,-7.75994,23.39807
-0.01635469,-8.797475,39.31944,-0.04648972,-7.746893,23.3695
-0.01635469,-8.797475,39.31944,-0.04234784,-7.750966,23.36116
-0.0147711,-8.800669,39.30238,-0.04325778,-7.748515,23.35824
-0.01428622,-8.792736,39.32585,-0.04475981,-7.765649,23.41797
-0.01104578,-8.812621,39.24797,-0.0446708,-7.751786,23.37528
-0.01421982,-8.806232,39.28209,-0.04416901,-7.746076,23.35538
-0.0147711,-8.800669,39.30238,-0.0451703,-7.757495,23.39518
-0.01160007,-8.807058,39.26826,-0.04567199,-7.763203,23.41508
-0.01160007,-8.807058,39.26826,-0.04567199,-7.763203,23.41508
-0.01684172,-8.805406,39.29594,-0.04425969,-7.75994,23.39807
-0.01318523,-8.803865,39.28531,-0.04567199,-7.763203,23.41508
-0.01160007,-8.807058,39.26826,-0.04284811,-7.756675,23.38106
-0.0137358,-8.798299,39.30559,-0.04375871,-7.75423,23.37817
-0.009531597,-8.80232,39.27469,-0.04567199,-7.763203,23.41508
-0.01263323,-8.809424,39.26505,-0.0446708,-7.751786,23.37528
-0.01525513,-8.8086,39.2789,-0.0460831,-7.755052,23.3923
-0.0147711,-8.800669,39.30238,-0.0460831,-7.755052,23.3923
-0.01629043,-8.810967,39.27567,-0.0446708,-7.751786,23.37528
-0.01104578,-8.812621,39.24797,-0.04557917,-7.749339,23.37239
-0.01525513,-8.8086,39.2789,-0.04799775,-7.764026,23.42922
-0.01318523,-8.803865,39.28531,-0.04557917,-7.749339,23.37239
-0.01318523,-8.803865,39.28531,-0.04425969,-7.75994,23.39807
-0.007389097,-8.811079,39.23734,-0.04243538,-7.764828,23.40385
-0.0147711,-8.800669,39.30238,-0.04840591,-7.755874,23.40644
-0.01215206,-8.801498,39.28851,-0.04325778,-7.748515,23.35824
-0.01160007,-8.807058,39.26826,-0.04699146,-7.752605,23.3894
-0.01160007,-8.807058,39.26826,-0.04708786,-7.766469,23.4321
-0.01318523,-8.803865,39.28531,-0.04375871,-7.75423,23.37817
-0.008422261,-8.813446,39.23415,-0.04334751,-7.762385,23.40097
-0.006354506,-8.808707,39.24055,-0.04425969,-7.75994,23.39807
-0.008976596,-8.807885,39.25441,-0.0451703,-7.757495,23.39518
-0.01056619,-8.804693,39.27147,-0.04143652,-7.753408,23.36403
-0.004765481,-8.811905,39.22348,-0.04093697,-7.747699,23.34414
-0.007389097,-8.811079,39.23734,-0.04557917,-7.749339,23.37239
-0.01056619,-8.804693,39.27147,-0.0446708,-7.751786,23.37528
-0.006910269,-8.803148,39.26083,-0.04567199,-7.763203,23.41508
-0.01635469,-8.797475,39.31944,-0.04375871,-7.75423,23.37817
-0.008422261,-8.813446,39.23415,-0.04931504,-7.753427,23.40355
-0.01111676,-8.799128,39.29173,-0.05032571,-7.764847,23.44336
-0.01001119,-8.810252,39.25119,-0.04699146,-7.752605,23.3894
-0.01421982,-8.806232,39.28209,-0.04425969,-7.75994,23.39807
-0.008422261,-8.813446,39.23415,-0.04799775,-7.764026,23.42922
-0.01111676,-8.799128,39.29173,-0.04658331,-7.76076,23.4122
-0.006354506,-8.808707,39.24055,-0.04891055,-7.761583,23.42634
-0.01160007,-8.807058,39.26826,-0.04658331,-7.76076,23.4122
-0.009531597,-8.80232,39.27469,-0.04941291,-7.76729,23.44623
-0.01001119,-8.810252,39.25119,-0.0451703,-7.757495,23.39518
-0.01001119,-8.810252,39.25119,-0.04334751,-7.762385,23.40097
-0.01208109,-8.814988,39.24477,-0.0460831,-7.755052,23.3923
-0.01525513,-8.8086,39.23091,-0.04425969,-7.75994,23.39807
-0.008422261,-8.813446,39.23415,-0.0451703,-7.757495,23.39518
-0.01001119,-8.810252,39.25119,-0.04567199,-7.763203,23.41508
-0.01160007,-8.807058,39.26826,-0.04891055,-7.761583,23.42634
-0.006832523,-8.81664,39.21707,-0.04891055,-7.761583,23.42634
-0.01160007,-8.807058,39.26826,-0.04193521,-7.759122,23.38396
-0.01001119,-8.810252,39.25119,-0.04658331,-7.76076,23.4122
-0.01215206,-8.801498,39.28851,-0.04941291,-7.76729,23.44623
-0.006832523,-8.81664,39.21707,-0.04891055,-7.761583,23.42634
-0.01111676,-8.799128,39.29173,-0.05032571,-7.764847,23.44336
-0.01263323,-8.809424,39.26505,-0.05032571,-7.764847,23.44336
-0.0147711,-8.800669,39.30238,-0.04981892,-7.759137,23.42345
-0.01318523,-8.803865,39.28531,-0.0474954,-7.758316,23.40932
-0.01056619,-8.804693,39.27147,-0.04708786,-7.766469,23.4321
-0.008976596,-8.807885,39.25441,-0.04850373,-7.769734,23.44913
-0.006354506,-8.808707,39.24055,-0.0474954,-7.758316,23.40932
-0.01160007,-8.807058,39.26826,-0.0474954,-7.758316,23.40932
-0.009531597,-8.80232,39.27469,-0.04790203,-7.75016,23.38652
-0.01001119,-8.810252,39.25119,-0.05214392,-7.759957,23.43759
-0.004291034,-8.803976,39.24695,-0.05345429,-7.749358,23.41193
-0.008976596,-8.807885,39.25441,-0.05123265,-7.7624,23.44045
-0.01215206,-8.801498,39.28851,-0.0553771,-7.758335,23.44886
-0.008422261,-8.813446,39.23415,-0.05356122,-7.763225,23.45462
-0.01001119,-8.810252,39.25119,-0.05679368,-7.761599,23.46588
-0.0078664,-8.819006,39.21387,-0.05719282,-7.753448,23.44312
-0.0147711,-8.800669,39.30238,-0.05294807,-7.743646,23.39202
-0.01160007,-8.807058,39.26826,-0.05265138,-7.765668,23.4575
-0.01421982,-8.806232,39.28209,-0.05486873,-7.752624,23.42895
-0.01001119,-8.810252,39.25119,-0.05446877,-7.760782,23.45175
-0.009531597,-8.80232,39.27469,-0.05719282,-7.753448,23.44312
-0.0147711,-8.800669,39.30238,-0.05679368,-7.761599,23.46588
-0.005242021,-8.819835,39.2,-0.05254536,-7.751801,23.4148
-0.01270335,-8.795931,39.30881,-0.05254536,-7.751801,23.4148
-0.007389097,-8.811079,39.23734,-0.05588536,-7.764046,23.46877
-0.01160007,-8.807058,39.26826,-0.05395908,-7.755066,23.43182
-0.01311711,-8.817357,39.24155,-0.05073019,-7.756694,23.42057
-0.01318523,-8.803865,39.28531,-0.05446877,-7.760782,23.45175
-0.01629043,-8.810967,39.27567,-0.05486873,-7.752624,23.42895
-0.01215206,-8.801498,39.28851,-0.05719282,-7.753448,23.44312
-0.005322056,-8.806343,39.24376,-0.05628531,-7.755894,23.44599
-0.007942719,-8.805516,39.25761,-0.05163703,-7.75425,23.41769
-0.01318523,-8.803865,39.28531,-0.05730551,-7.767314,23.48581
-0.01366996,-8.811795,39.26181,-0.05214392,-7.759957,23.43759
-0.008498433,-8.799953,39.27788,-0.05628531,-7.755894,23.44599
-0.005879247,-8.800781,39.26404,-0.05486873,-7.752624,23.42895
-0.009531597,-8.80232,39.27469,-0.05719282,-7.753448,23.44312
-0.002142529,-8.812731,39.20964,-0.05345429,-7.749358,23.41193
-0.007942719,-8.805516,39.25761,-0.05113234,-7.748538,23.39779
-0.006832523,-8.81664,39.21707,-0.05305291,-7.757515,23.43472
-0.005322056,-8.806343,39.24376,-0.05628531,-7.755894,23.44599
-0.01001119,-8.810252,39.25119,-0.0553771,-7.758335,23.44886
-0.01318523,-8.803865,39.28531,-0.05265138,-7.765668,23.4575
-0.01215206,-8.801498,39.28851,-0.05730551,-7.767314,23.48581
-0.01001119,-8.810252,39.25119,-0.05436251,-7.746915,23.40906
-0.007942719,-8.805516,39.25761,-0.05486873,-7.752624,23.42895
-0.01111676,-8.799128,39.29173,-0.05294807,-7.743646,23.39202
-0.01366996,-8.811795,39.26181,-0.05951467,-7.754266,23.45725
-0.01160007,-8.807058,39.26826,-0.05821241,-7.764867,23.48291
-0.008422261,-8.813446,39.23415,-0.05770118,-7.759157,23.46301
-0.01160007,-8.807058,39.26826,-0.0553771,-7.758335,23.44886
-0.01160007,-8.807058,39.26826,-0.0553771,-7.758335,23.44886
-0.01160007,-8.807058,39.26826,-0.05395908,-7.755066,23.43182
-0.008976596,-8.807885,39.25441,-0.05305291,-7.757515,23.43472
-0.01421982,-8.806232,39.28209,-0.05305291,-7.757515,23.43472
-0.008422261,-8.813446,39.23415,-0.05436251,-7.746915,23.40906
-0.008422261,-8.813446,39.23415,-0.05577552,-7.750178,23.42607
-0.003174979,-8.815098,39.20644,-0.05730551,-7.767314,23.48581
-0.01160007,-8.807058,39.26826,-0.05911991,-7.762424,23.48005
-0.006832523,-8.81664,39.21707,-0.05770118,-7.759157,23.46301
-0.01001119,-8.810252,39.25119,-0.05254536,-7.751801,23.4148
-0.009531597,-8.80232,39.27469,-0.05719282,-7.753448,23.44312
-0.008422261,-8.813446,39.23415,-0.06093412,-7.757536,23.47431
-0.009531597,-8.80232,39.27469,-0.0604206,-7.751822,23.45439
-0.008976596,-8.807885,39.25441,-0.069198,-7.749402,23.49119
-0.007942719,-8.805516,39.25761,-0.06183933,-7.755091,23.47144
-0.01001119,-8.810252,39.25119,-0.06597347,-7.751029,23.47989
-0.008498433,-8.799953,39.27788,-0.06558266,-7.75918,23.50264
-0.01104578,-8.812621,39.24797,-0.06506768,-7.75347,23.48274
-0.007389097,-8.811079,39.23734,-0.06506768,-7.75347,23.48274
-0.009531597,-8.80232,39.27469,-0.06416251,-7.755913,23.4856
-0.01001119,-8.810252,39.25119,-0.06790941,-7.760004,23.51682
-0.008422261,-8.813446,39.23415,-0.06597347,-7.751029,23.47989
-0.006910269,-8.803148,39.26083,-0.06558266,-7.75918,23.50264
-0.01111676,-8.799128,39.29173,-0.06739148,-7.754294,23.49692
-0.003174979,-8.815098,39.20644,-0.06093412,-7.757536,23.47431
-0.01001119,-8.810252,39.25119,-0.06971461,-7.755111,23.51107
-0.01056619,-8.804693,39.27147,-0.06739148,-7.754294,23.49692
-0.01056619,-8.804693,39.27147,-0.06648855,-7.756736,23.49978
-0.01318523,-8.803865,39.28531,-0.06971461,-7.755111,23.51107
-0.01001119,-8.810252,39.25119,-0.06416251,-7.755913,23.4856
-0.009531597,-8.80232,39.27469,-0.06881306,-7.75756,23.51396
-0.01318523,-8.803865,39.28531,-0.06790941,-7.760004,23.51682
-0.0137358,-8.798299,39.30559,-0.06364824,-7.750201,23.46569
-0.006910269,-8.803148,39.26083,-0.06842654,-7.765714,23.53672
-0.01056619,-8.804693,39.27147,-0.07023464,-7.760826,23.531
-0.0137358,-8.798299,39.30559,-0.07023464,-7.760826,23.531
-0.01215206,-8.801498,39.28851,-0.06971461,-7.755111,23.51107
-0.008976596,-8.807885,39.25441,-0.06648855,-7.756736,23.49978
-0.005798644,-8.814273,39.22029,-0.06648855,-7.756736,23.49978
-0.01215206,-8.801498,39.28851,-0.06648855,-7.756736,23.49978
-0.009531597,-8.80232,39.27469,-0.07061815,-7.752669,23.50823
-0.01008359,-8.796758,39.29495,-0.069198,-7.749402,23.49119
-0.01111676,-8.799128,39.29173,-0.06648855,-7.756736,23.49978
-0.004765481,-8.811905,39.22348,-0.06971461,-7.755111,23.51107
-0.01056619,-8.804693,39.27147,-0.06790941,-7.760004,23.51682
-0.006832523,-8.81664,39.21707,-0.06985027,-7.768982,23.55377
-0.009531597,-8.80232,39.27469,-0.06881306,-7.75756,23.51396
-0.008498433,-8.799953,39.27788,-0.06506768,-7.75347,23.48274
-0.01160007,-8.807058,39.26826,-0.06519458,-7.767335,23.52541
-0.01318523,-8.803865,39.28531,-0.06377299,-7.764069,23.50837
-0.005322056,-8.806343,39.24376,-0.07061815,-7.752669,23.50823
-0.007942719,-8.805516,39.25761,-0.06467821,-7.761625,23.50551
-0.005322056,-8.806343,39.24376,-0.07165837,-7.764095,23.54805
-0.008498433,-8.799953,39.27788,-0.06881306,-7.75756,23.51968
-0.006910269,-8.803148,39.26083,-0.06881306,-7.75756,23.51396
-0.004765481,-8.811905,39.22348,-0.06971461,-7.755111,23.51107
-0.01056619,-8.804693,39.27147,-0.06687359,-7.748575,23.47699
-0.007942719,-8.805516,39.25761,-0.06829517,-7.751846,23.49405
-0.008976596,-8.807885,39.25441,-0.06881306,-7.75756,23.51396
-0.008498433,-8.799953,39.27788,-0.06506768,-7.75347,23.48274
-0.008422261,-8.813446,39.23415,-0.06739148,-7.754294,23.49692
-0.004291034,-8.803976,39.24695,-0.07023464,-7.760826,23.531
-0.008976596,-8.807885,39.25441,-0.06829517,-7.751846,23.49405
-0.01001119,-8.810252,39.25119,-0.06881306,-7.75756,23.51396
-0.01056619,-8.804693,39.27147,-0.06739148,-7.754294,23.49692
-0.007389097,-8.811079,39.23734,-0.07113762,-7.75838,23.52813
-0.01008359,-8.796758,39.29495,-0.06377299,-7.764069,23.50837
-0.002700581,-8.80717,39.28111,-0.06739148,-7.754294,23.49692
-0.009531597,-8.80232,39.27469,-0.06648855,-7.756736,23.49978
-0.01111676,-8.799128,39.29173,-0.0715217,-7.750226,23.50538
-0.01111676,-8.799128,39.29173,-0.06687359,-7.748575,23.47699
-0.008498433,-8.799953,39.27788,-0.069331,-7.76327,23.53386
-0.008976596,-8.807885,39.25441,-0.07023464,-7.760826,23.531
-0.01056619,-8.804693,39.27147,-0.07113762,-7.75838,23.52813
-0.006910269,-8.803148,39.26083,-0.06700353,-7.762446,23.51968
-0.004208857,-8.817469,39.20322,-0.06790941,-7.760004,23.51682
-0.004845369,-8.79841,39.26723,-0.06648855,-7.756736,23.49978
-0.009051858,-8.794391,39.29816,-0.06829517,-7.751846,23.49405
-0.006910269,-8.803148,39.26083,-0.06739148,-7.754294,23.49692
-0.006910269,-8.803148,39.26083,-0.06597347,-7.751029,23.47989
-0.007389097,-8.811079,39.23734,-0.06648855,-7.756736,23.49978
-0.009531597,-8.80232,39.27469,-0.06881306,-7.75756,23.51396
-0.005322056,-8.806343,39.24376,-0.06739148,-7.754294,23.49692
-0.006354506,-8.808707,39.24055,-0.06648855,-7.756736,23.49978
-0.002700581,-8.80717,39.2299,-0.06325734,-7.758356,23.48846
-0.004845369,-8.79841,39.26723,-0.06842654,-7.765714,23.53672
-0.00325787,-8.801605,39.25018,-0.06971461,-7.755111,23.51107
-0.004291034,-8.803976,39.24695,-0.069198,-7.749402,23.49119
-0.0006371094,-8.802431,39.2363,-0.07242157,-7.747781,23.50252
-0.009051858,-8.794391,39.29816,-0.06739148,-7.754294,23.49692
-0.01056619,-8.804693,39.27147,-0.06790941,-7.760004,23.51682
-0.002142529,-8.812731,39.20964,-0.06829517,-7.751846,23.49405
-0.007465983,-8.797584,39.28111,-0.06881306,-7.75756,23.51396
-0.008498433,-8.799953,39.27788,-0.06687359,-7.748575,23.47699
-0.005322056,-8.806343,39.24376,-0.06777856,-7.746136,23.47415
-0.003732317,-8.809537,39.22672,-0.06829517,-7.751846,23.49405
-0.002142529,-8.812731,39.20964,-0.07061815,-7.752669,23.50823
-0.009051858,-8.794391,39.29816,-0.06881306,-7.75756,23.51396
-0.006910269,-8.803148,39.26083,-0.06881306,-7.75756,23.51396
-0.008498433,-8.799953,39.27788,-0.06971461,-7.755111,23.51107
-0.009531597,-8.80232,39.27469,-0.07488789,-7.762473,23.55937
-0.009051858,-8.794391,39.29816,-0.07023464,-7.760826,23.531
-0.01111676,-8.799128,39.29173,-0.069198,-7.749402,23.49119
-0.002142529,-8.812731,39.20964,-0.06790941,-7.760004,23.51682
-0.009531597,-8.80232,39.27469,-0.06881306,-7.75756,23.51396
-0.008498433,-8.799953,39.27788,-0.07061815,-7.752669,23.50823
-0.01160007,-8.807058,39.26826,-0.0715217,-7.750226,23.50538
-0.008422261,-8.813446,39.23415,-0.06777856,-7.746136,23.47415
-0.008422261,-8.813446,39.23415,-0.07256134,-7.761648,23.54518
-0.005322056,-8.806343,39.24376,-0.07113762,-7.75838,23.52813
-0.006354506,-8.808707,39.24055,-0.06739148,-7.754294,23.49692
-0.005322056,-8.806343,39.24376,-0.06868068,-7.743689,23.47129
-0.01001119,-8.810252,39.25119,-0.06700353,-7.762446,23.51968
-0.004291034,-8.803976,39.24695,-0.06687359,-7.748575,23.47699
-0.008976596,-8.807885,39.25441,-0.07113762,-7.75838,23.52813
-0.006354506,-8.808707,39.24055,-0.06971461,-7.755111,23.51107
-0.01111676,-8.799128,39.29173,-0.07075401,-7.766537,23.5509
-0.003732317,-8.809537,39.22672,-0.07061815,-7.752669,23.50823
-0.004765481,-8.811905,39.22348,-0.069198,-7.749402,23.49119
-0.006910269,-8.803148,39.26083,-0.06829517,-7.751846,23.49405
-0.005798644,-8.814273,39.22029,-0.07113762,-7.75838,23.52813
-0.008976596,-8.807885,39.25441,-0.07075401,-7.766537,23.5509
-0.00325787,-8.801605,39.25018,-0.06881306,-7.75756,23.51396
-0.006910269,-8.803148,39.26083,-0.07113762,-7.75838,23.52813
-0.006354506,-8.808707,39.24055,-0.06881306,-7.75756,23.51396
-0.002700581,-8.80717,39.2299,-0.07204117,-7.755939,23.52528
-0.007942719,-8.805516,39.25761,-0.07669132,-7.757586,23.55367
-0.008976596,-8.807885,39.25441,-0.07165837,-7.764095,23.54805
-0.001110079,-8.810362,39.21283,-0.06971461,-7.755111,23.51107
-0.004765481,-8.811905,39.22348,-0.07165837,-7.764095,23.54805
-0.008976596,-8.807885,39.25441,-0.06829517,-7.751846,23.49405
-0.01056619,-8.804693,39.27147,-0.07023464,-7.760826,23.531
-0.006910269,-8.803148,39.26083,-0.069331,-7.76327,23.53386
-0.009531597,-8.80232,39.27469,-0.06881306,-7.75756,23.51396
-0.004765481,-8.811905,39.22348,-0.0715217,-7.750226,23.50538
-0.008498433,-8.799953,39.27788,-0.07061815,-7.752669,23.50823
-0.006354506,-8.808707,39.24055,-0.06971461,-7.755111,23.51107
-0.005322056,-8.806343,39.24376,-0.06881306,-7.75756,23.51396
-0.001668131,-8.8048,39.23311,-0.07061815,-7.752669,23.50823
-0.002142529,-8.812731,39.20964,-0.07061815,-7.752669,23.50823
-0.002616066,-8.820661,39.18614,-0.069331,-7.76327,23.53386
-0.003174979,-8.815098,39.20644,-0.07113762,-7.75838,23.52813
-0.006910269,-8.803148,39.26083,-0.06739148,-7.754294,23.49692
-0.004291034,-8.803976,39.24695,-0.069331,-7.76327,23.53386
-0.002700581,-8.80717,39.2299,-0.07308352,-7.767364,23.5651
-0.006354506,-8.808707,39.24055,-0.07113762,-7.75838,23.52813
-0.005322056,-8.806343,39.24376,-0.069198,-7.749402,23.49119
-0.006354506,-8.808707,39.24055,-0.07346345,-7.759206,23.54232
-0.008976596,-8.807885,39.25441,-0.07023464,-7.760826,23.531
-0.003814348,-8.796041,39.27045,-0.07204117,-7.755939,23.52528
-0.004765481,-8.811905,39.22348,-0.07204117,-7.755939,23.52528
-0.01056619,-8.804693,39.27147,-0.07113762,-7.75838,23.52813
-0.004765481,-8.811905,39.22348,-0.07061815,-7.752669,23.50823
-0.009531597,-8.80232,39.27469,-0.06985027,-7.768982,23.55377
-0.00325787,-8.801605,39.25018,-0.06971461,-7.755111,23.51107
-0.004208857,-8.817469,39.20322,-0.07346345,-7.759206,23.54232
-0.002142529,-8.812731,39.20964,-0.06700353,-7.762446,23.51968
-0.001582188,-8.818292,39.18936,-0.06971461,-7.755111,23.51107
-0.004765481,-8.811905,39.22348,-0.06971461,-7.755111,23.51107
-0.004291034,-8.803976,39.24695,-0.07256134,-7.761648,23.54518
0.001513733,-8.81119,39.19897,-0.07346345,-7.759206,23.54232
-0.006354506,-8.808707,39.24055,-0.06971461,-7.755111,23.51107
-0.003732317,-8.809537,39.22672,-0.07113762,-7.75838,23.52813
-0.004765481,-8.811905,39.22348,-0.07204117,-7.755939,23.52528
-0.006832523,-8.81664,39.21707,-0.06971461,-7.755111,23.51107
-0.00325787,-8.801605,39.25018,-0.06881306,-7.75756,23.51396
-7.977145E-05,-8.807997,39.21603,-0.07256134,-7.761648,23.54518
-0.004291034,-8.803976,39.24695,-0.06881306,-7.75756,23.51396
-0.003732317,-8.809537,39.22672,-0.07204117,-7.755939,23.52528
-0.004291034,-8.803976,39.24695,-0.06971461,-7.755111,23.51107
-0.004291034,-8.803976,39.24695,-0.07023464,-7.760826,23.531
-0.003174979,-8.815098,39.20644,-0.07113762,-7.75838,23.52813
-0.006354506,-8.808707,39.24055,-0.07204117,-7.755939,23.52528
-0.005322056,-8.806343,39.24376,-0.07346345,-7.759206,23.54232
-0.001110079,-8.810362,39.21283,-0.07165837,-7.764095,23.54805
-0.005322056,-8.806343,39.24376,-0.07204117,-7.755939,23.52528
-0.004291034,-8.803976,39.24695,-0.07398578,-7.764915,23.56222
0.001040861,-8.819118,39.17551,-0.069198,-7.749402,23.49119
-0.004765481,-8.811905,39.22348,-0.07113762,-7.75838,23.52813
-0.004765481,-8.811905,39.22348,-0.07436558,-7.756761,23.53947
-0.001110079,-8.810362,39.21283,-0.07488789,-7.762473,23.55937
-0.005402511,-8.792846,39.28751,-0.07256134,-7.761648,23.54518
-0.006832523,-8.81664,39.21707,-0.07346345,-7.759206,23.54232
-0.004845369,-8.79841,39.26723,-0.07165837,-7.764095,23.54805
-0.003814348,-8.796041,39.27045,-0.07165837,-7.764095,23.54805
-0.002142529,-8.812731,39.20964,-0.06597347,-7.751029,23.47989
-0.00325787,-8.801605,39.25018,-0.07204117,-7.755939,23.52528
-0.001110079,-8.810362,39.21283,-0.07113762,-7.75838,23.52813
-0.0006371094,-8.802431,39.2363,-0.07256134,-7.761648,23.54518
-0.006434248,-8.795217,39.2843,-0.07541093,-7.768182,23.57927
-0.005322056,-8.806343,39.24376,-0.07113762,-7.75838,23.52813
0.0004812834,-8.813559,39.19576,-0.07127614,-7.772251,23.57083
0.003104333,-8.814383,39.1819,-0.07061815,-7.752669,23.50823
-0.004291034,-8.803976,39.24695,-0.07436558,-7.756761,23.53947
-0.002700581,-8.80717,39.2299,-0.07308352,-7.767364,23.5651
0.0009526784,-8.805625,39.21925,-0.069331,-7.76327,23.53386
0.005166377,-8.809646,39.18829,-0.07294257,-7.753493,23.52242
0.008354442,-8.816034,39.15414,-0.06829517,-7.751846,23.49405
0.002072597,-8.816751,39.17871,-0.07398578,-7.764915,23.56222
-0.002142529,-8.812731,39.20964,-0.07113762,-7.75838,23.52813
0.002072597,-8.816751,39.17871,-0.07308352,-7.767364,23.5651
-0.008498433,-8.799953,39.27788,-0.07759048,-7.755139,23.55081
-0.002142529,-8.812731,39.20964,-0.06971461,-7.755111,23.51107
0.002072597,-8.816751,39.17871,-0.07346345,-7.759206,23.54232
0.002544755,-8.808821,39.20218,-0.069198,-7.749402,23.49119
0.002072597,-8.816751,39.17871,-0.07023464,-7.760826,23.531
0.002636704,-8.822311,39.15843,-0.07113762,-7.75838,23.52813
0.002544755,-8.808821,39.20218,-0.07217916,-7.769804,23.56795
-0.00325787,-8.801605,39.25018,-0.07204117,-7.755939,23.52528
0.001982986,-8.803258,39.22244,-0.07669132,-7.757586,23.55367
-0.001110079,-8.810362,39.21283,-0.07488789,-7.762473,23.55937
-0.002226134,-8.799234,39.25337,-0.0757893,-7.760028,23.55651
0.002072597,-8.816751,39.17871,-0.07256134,-7.761648,23.54518
-0.002700581,-8.80717,39.2299,-0.07773963,-7.769008,23.59348
0.001513733,-8.81119,39.19897,-0.07346345,-7.759206,23.54232
-0.001668131,-8.8048,39.23311,-0.07308352,-7.767364,23.5651
-7.977145E-05,-8.807997,39.21603,-0.07436558,-7.756761,23.53947
0.004603943,-8.804086,39.20857,-0.07849174,-7.752696,23.54796
0.003575063,-8.806453,39.20537,-0.07939081,-7.750251,23.54511
0.004603943,-8.804086,39.20857,-0.08118879,-7.745364,23.53943
0.00825373,-8.80254,39.19789,-0.07923879,-7.736377,23.50246
0.01487775,-8.780382,39.24048,-0.08477632,-7.735581,23.52805
0.009647405,-8.778732,39.26823,-0.07961346,-7.728219,23.47973
0.01077365,-8.789869,39.22772,-0.07998871,-7.72006,23.45702
0.01123648,-8.781927,39.25119,-0.07715055,-7.713515,23.4229
0.01533558,-8.772441,39.26392,-0.08103362,-7.731487,23.49678
0.01646763,-8.783577,39.2234,-0.08140601,-7.723327,23.47405
0.01487775,-8.780382,39.24048,-0.07573539,-7.710246,23.40586
0.009085832,-8.773161,39.28851,-0.07677601,-7.721681,23.44565
0.01590091,-8.778013,39.24365,-0.07856785,-7.716787,23.43995
0.01749152,-8.781208,39.22658,-0.07587795,-7.724123,23.44847
0.01272333,-8.771616,39.2778,-0.07394142,-7.715139,23.41155
0.01169802,-8.77399,39.27463,-0.08088167,-7.71761,23.45416
0.01169802,-8.77399,39.27463,-0.07677601,-7.721681,23.44565
0.01692694,-8.775639,39.24684,-0.07856785,-7.716787,23.43995
0.01374722,-8.769244,39.28099,-0.07535871,-7.718412,23.4286
0.0205603,-8.774096,39.23611,-0.08088167,-7.71761,23.45416
0.01851611,-8.778834,39.22977,-0.07625468,-7.715962,23.42575
0.01533558,-8.772441,39.26392,-0.07625468,-7.715962,23.42575
0.01794939,-8.773268,39.25002,-0.07573539,-7.710246,23.40586
0.0205603,-8.774096,39.23611,-0.07573539,-7.710246,23.40586
0.0205603,-8.774096,39.23611,-0.07946366,-7.71434,23.43712
0.01692694,-8.775639,39.24684,-0.07856785,-7.716787,23.43995
0.02170061,-8.785231,39.19559,-0.07752697,-7.705355,23.4002
0.02329588,-8.788427,39.17848,-0.07946366,-7.71434,23.43712
0.02170061,-8.785231,39.19559,-0.07573539,-7.710246,23.40586
0.02489111,-8.791621,39.16141,-0.07819402,-7.72495,23.46269
0.02113226,-8.779662,39.21584,-0.08088167,-7.71761,23.45416
0.02329588,-8.788427,39.17848,-0.07767197,-7.719232,23.44279
0.02067744,-8.787601,39.19243,-0.07625468,-7.715962,23.42575
0.0253415,-8.783686,39.18486,-0.07535871,-7.718412,23.4286
0.0253415,-8.783686,39.18486,-0.0789407,-7.708622,23.41723
0.02170061,-8.785231,39.19559,-0.08088167,-7.71761,23.45416
0.02113226,-8.779662,39.21584,-0.07752697,-7.705355,23.4002
0.0275097,-8.79245,39.14751,-0.07752697,-7.705355,23.4002
0.02693459,-8.786882,39.16776,-0.07946366,-7.71434,23.43712
0.02636324,-8.781316,39.18802,-0.08035871,-7.711894,23.43428
0.02795704,-8.784511,39.17094,-0.0789407,-7.708622,23.41723
0.0253415,-8.783686,39.18486,-0.08035871,-7.711894,23.43428
0.02419891,-8.772547,39.22537,-0.07662977,-7.707796,23.40301
0.02215472,-8.777291,39.21901,-0.07804637,-7.711068,23.42006
0.02999838,-8.779768,39.17729,-0.07752697,-7.705355,23.4002
0.02579042,-8.775743,39.2083,-0.07752697,-7.705355,23.4002
0.03012829,-8.793274,39.13358,-0.07573539,-7.710246,23.40586
0.02476868,-8.778115,39.20512,-0.07856785,-7.716787,23.43995
0.02260593,-8.769347,39.24245,-0.07469738,-7.698812,23.3661
0.02624096,-8.767801,39.2317,-0.07252698,-7.711871,23.39452
0.02681073,-8.773373,39.21147,-0.0723886,-7.697986,23.35189
0.02725985,-8.765429,39.23488,-0.07380161,-7.701257,23.36893
0.02840529,-8.776571,39.19437,-0.0723886,-7.697986,23.35189
0.02828016,-8.763056,39.23805,-0.07328365,-7.695538,23.34904
0.02668789,-8.759855,39.25516,-0.06956685,-7.691443,23.31781
0.02885136,-8.768628,39.21777,-0.0723886,-7.697986,23.35189
0.03305931,-8.77265,39.18677,-0.07046191,-7.688996,23.31497
0.03102012,-8.777394,39.18045,-0.06956685,-7.691443,23.31781
0.03261625,-8.780592,39.16336,-0.07097773,-7.694716,23.33486
0.02828016,-8.763056,39.23805,-0.07097773,-7.694716,23.33486
0.03044592,-8.771826,39.2007,-0.06777231,-7.696338,23.32349
0.03146552,-8.769454,39.20387,-0.06828579,-7.702058,23.34338
0.03102012,-8.777394,39.18045,-0.07046191,-7.688996,23.31497
0.03248511,-8.767077,39.20705,-0.06956685,-7.691443,23.31781
0.03625087,-8.779043,39.15259,-0.07097773,-7.694716,23.33486
0.03248511,-8.767077,39.20705,-0.06636358,-7.693068,23.30646
0.03567291,-8.773478,39.17284,-0.06867032,-7.693891,23.32065
0.03102012,-8.777394,39.18045,-0.06456884,-7.697965,23.31216
0.03159523,-8.782965,39.16019,-0.06636358,-7.693068,23.30646
0.03944629,-8.785441,39.11838,-0.06585357,-7.687353,23.2866
0.03944629,-8.785441,39.11838,-0.0705962,-7.702881,23.35757
0.04366527,-8.789465,39.08734,-0.06880217,-7.707777,23.36328
0.04104634,-8.788641,39.10129,-0.06828579,-7.702058,23.34338
0.04628431,-8.790291,39.07338,-0.06828579,-7.702058,23.34338
0.0432298,-8.797405,39.06393,-0.06828579,-7.702058,23.34338
0.04366527,-8.789465,39.08734,-0.07290436,-7.703703,23.37177
0.04468345,-8.787092,39.09052,-0.06790254,-7.710222,23.36611
0.03944629,-8.785441,39.11838,-0.06649024,-7.706954,23.34908
0.04643819,-8.803796,39.02972,-0.06790254,-7.710222,23.36611
0.04221163,-8.799775,39.06076,-0.06880217,-7.707777,23.36328
0.04366527,-8.789465,39.08734,-0.07021447,-7.711045,23.3803
0.04483427,-8.800599,39.04683,-0.06738916,-7.704504,23.34623
0.04264782,-8.791834,39.0842,-0.0691839,-7.69961,23.34054
0.04061005,-8.796576,39.07787,-0.07149278,-7.700434,23.35473
0.04483427,-8.800599,39.04683,-0.06880217,-7.707777,23.36328
0.04585101,-8.79823,39.04997,-0.06649024,-7.706954,23.34908
0.04162893,-8.794207,39.08104,-0.06969952,-7.705331,23.36043
0.04425011,-8.795031,39.06711,-0.0711111,-7.708599,23.37746
0.04425011,-8.795031,39.06711,-0.0711111,-7.708599,23.37746
0.0443997,-8.808537,39.02339,-0.07021447,-7.711045,23.3803
0.04847381,-8.799056,39.03604,-0.07483809,-7.712691,23.4087
0.04745636,-8.801427,39.03287,-0.07356245,-7.723302,23.43428
0.04702469,-8.809362,39.00946,-0.07639848,-7.72984,23.46837
0.04906032,-8.804625,39.01576,-0.07304478,-7.717587,23.4144
0.04745636,-8.801427,39.03287,-0.07214658,-7.720035,23.41725
0.04526756,-8.792662,39.07025,-0.06880217,-7.707777,23.36328
0.05007992,-8.80225,39.01894,-0.07162891,-7.714315,23.39735
